team,total_free_throw_attempts,total_free_throw_made,total_two_point_attempts,total_two_point_made,total_three_point_made,total_three_point_attempts,total_assists,total_offensive_rebounds,total_defensive_rebounds,total_turnovers,total_points,game_id,timestamp
kwetu,2.0,2.0,17.0,24.0,5.0,6.0,3.0,5.0,25.0,14.0,65.0,7b1ab935-6bc5-44bb-88b1-1a99db0bfd94,2024-04-13T14:47:51.237Z
rangers,2.0,1.0,29.0,19.0,1.0,16.0,3.0,9.0,12.0,11.0,42.0,7b1ab935-6bc5-44bb-88b1-1a99db0bfd94,2024-04-13T14:47:51.237Z
e nets,13.0,16.0,33.0,18.0,4.0,7.0,6.0,10.0,24.0,16.0,64.0,61fd3fb6-3e69-4cc3-8ac5-c1e68387743f,2024-10-12T05:16:43.328Z
vikapu,14.0,15.0,36.0,22.0,7.0,21.0,10.0,19.0,21.0,13.0,80.0,61fd3fb6-3e69-4cc3-8ac5-c1e68387743f,2024-10-12T05:16:43.328Z
junubin,8.0,12.0,28.0,16.0,2.0,10.0,5.0,13.0,32.0,26.0,50.0,71db8867-d325-4c57-a606-e0cde8f5d5dd,2024-03-31T13:25:23.564Z
saints,15.0,12.0,41.0,15.0,2.0,16.0,4.0,15.0,18.0,16.0,48.0,71db8867-d325-4c57-a606-e0cde8f5d5dd,2024-03-31T13:25:23.564Z
fam kenya,18.0,6.0,16.0,27.0,5.0,19.0,3.0,17.0,16.0,8.0,75.0,b0110d7e-c639-4177-9852-83bf918cf050,2024-03-23T14:27:52.076Z
feba,10.0,6.0,16.0,20.0,6.0,15.0,3.0,11.0,20.0,15.0,64.0,b0110d7e-c639-4177-9852-83bf918cf050,2024-03-23T14:27:52.076Z
db nets,7.0,2.0,34.0,16.0,2.0,10.0,1.0,4.0,25.0,12.0,40.0,fc9a6fe4-2c10-4919-b753-8d84b1d795c6,2024-03-24T10:10:52.761Z
e nets,14.0,10.0,27.0,21.0,1.0,12.0,3.0,7.0,21.0,11.0,55.0,fc9a6fe4-2c10-4919-b753-8d84b1d795c6,2024-03-24T10:10:52.761Z
saints,8.0,5.0,21.0,15.0,5.0,12.0,1.0,8.0,12.0,7.0,50.0,cd0fc962-4fd1-4bd9-a1ff-8fe48968595c,2024-04-06T11:59:56.972Z
teffad,8.0,7.0,17.0,21.0,3.0,9.0,4.0,7.0,13.0,10.0,58.0,cd0fc962-4fd1-4bd9-a1ff-8fe48968595c,2024-04-06T11:59:56.972Z
clique m,14.0,28.0,40.0,20.0,3.0,17.0,9.0,19.0,25.0,18.0,77.0,22f4f204-27c0-41b9-b640-7e6e30a6dea6,2024-03-31T15:05:28.691Z
feba,9.0,5.0,26.0,19.0,4.0,14.0,7.0,13.0,24.0,27.0,55.0,22f4f204-27c0-41b9-b640-7e6e30a6dea6,2024-03-31T15:05:28.691Z
sunrise kenya,5.0,5.0,30.0,12.0,1.0,17.0,2.0,6.0,26.0,15.0,32.0,bfe7dc35-6f9c-4471-b92e-6a8897090677,2024-03-24T15:04:17.634Z
twende,6.0,14.0,23.0,21.0,9.0,28.0,6.0,17.0,32.0,10.0,83.0,bfe7dc35-6f9c-4471-b92e-6a8897090677,2024-03-24T15:04:17.634Z
jericho nets,9.0,5.0,17.0,19.0,4.0,6.0,4.0,3.0,11.0,14.0,55.0,217cd89a-3485-45c5-9fbe-0ac19387340d,2024-05-26T08:28:41.857Z
phenoms,13.0,10.0,19.0,27.0,6.0,14.0,12.0,10.0,13.0,11.0,82.0,217cd89a-3485-45c5-9fbe-0ac19387340d,2024-05-26T08:28:41.857Z
bantu,2.0,4.0,28.0,5.0,4.0,12.0,3.0,6.0,13.0,8.0,26.0,875ab1f2-c04b-4d1a-a09a-988ac4b6cc44,2024-05-26T08:27:43.936Z
rangers,7.0,15.0,17.0,15.0,2.0,18.0,5.0,7.0,16.0,4.0,51.0,875ab1f2-c04b-4d1a-a09a-988ac4b6cc44,2024-05-26T08:27:43.936Z
feba,6.0,9.0,21.0,10.0,2.0,17.0,1.0,7.0,12.0,11.0,35.0,76043063-65a7-4d04-8037-121ecc29081c,2024-04-20T11:43:41.888Z
teffad,9.0,17.0,24.0,17.0,1.0,11.0,3.0,9.0,19.0,2.0,54.0,76043063-65a7-4d04-8037-121ecc29081c,2024-04-20T11:43:41.888Z
buruburu,4.0,14.0,23.0,20.0,1.0,11.0,1.0,7.0,13.0,12.0,57.0,c200a5f8-c829-45d0-abf1-5059d9f09a7e,2024-10-10T05:21:09.526Z
twende,4.0,13.0,15.0,31.0,12.0,14.0,11.0,6.0,15.0,6.0,111.0,c200a5f8-c829-45d0-abf1-5059d9f09a7e,2024-10-10T05:21:09.526Z
kibra,6.0,3.0,13.0,10.0,0.0,2.0,2.0,3.0,9.0,7.0,23.0,dae5e4ca-abfd-4b04-a0ef-72cd45ce5821,2024-03-09T13:49:01.044Z
savio,1.0,2.0,11.0,6.0,2.0,5.0,0.0,6.0,8.0,6.0,20.0,dae5e4ca-abfd-4b04-a0ef-72cd45ce5821,2024-03-09T13:49:01.044Z
db nets,12.0,16.0,29.0,23.0,5.0,12.0,9.0,16.0,33.0,16.0,77.0,1845ad0d-7dd0-4146-9e81-95ada7a1b92d,2024-03-30T13:36:39.320Z
kibra,14.0,16.0,46.0,27.0,0.0,14.0,6.0,26.0,22.0,13.0,70.0,1845ad0d-7dd0-4146-9e81-95ada7a1b92d,2024-03-30T13:36:39.320Z
kibra,4.0,4.0,12.0,9.0,1.0,8.0,0.0,7.0,4.0,7.0,25.0,0bd96183-fee0-43ab-81ba-1ee76af13e33,2024-03-10T11:20:28.235Z
phenoms,4.0,10.0,17.0,12.0,0.0,9.0,1.0,11.0,10.0,6.0,34.0,0bd96183-fee0-43ab-81ba-1ee76af13e33,2024-03-10T11:20:28.235Z
kibra,5.0,10.0,32.0,25.0,0.0,2.0,8.0,12.0,21.0,19.0,60.0,98ffc5c3-c89c-4112-8b42-9d28913ecce3,2024-04-13T12:08:44.208Z
leos,4.0,8.0,24.0,11.0,1.0,21.0,3.0,5.0,10.0,11.0,33.0,98ffc5c3-c89c-4112-8b42-9d28913ecce3,2024-04-13T12:08:44.208Z
fam kenya,9.0,9.0,13.0,10.0,1.0,9.0,1.0,9.0,9.0,6.0,32.0,3771c659-0fa4-4750-8419-2b6a3b845a23,2024-03-10T08:01:25.497Z
feba,8.0,8.0,17.0,10.0,3.0,10.0,1.0,12.0,13.0,6.0,37.0,3771c659-0fa4-4750-8419-2b6a3b845a23,2024-03-10T08:01:25.497Z
leos,3.0,1.0,24.0,11.0,4.0,12.0,4.0,10.0,11.0,16.0,35.0,07380e90-951b-4d7e-8b41-7e1c8b3d44f8,2024-04-07T13:06:37.798Z
savio,9.0,11.0,24.0,21.0,2.0,14.0,5.0,15.0,22.0,17.0,59.0,07380e90-951b-4d7e-8b41-7e1c8b3d44f8,2024-04-07T13:06:37.798Z
buruburu,21.0,10.0,20.0,20.0,6.0,9.0,2.0,13.0,22.0,12.0,68.0,7fb75768-3c82-4854-aabf-83d449e6ce60,2024-04-20T10:02:42.087Z
huruma,26.0,12.0,24.0,16.0,6.0,25.0,3.0,18.0,10.0,12.0,62.0,7fb75768-3c82-4854-aabf-83d449e6ce60,2024-04-20T10:02:42.087Z
moorewright,3.0,4.0,10.0,11.0,6.0,10.0,5.0,5.0,8.0,6.0,44.0,608e75ed-e52e-4420-9748-9a13e7c584c5,2024-08-21T10:15:09.150Z
twende,1.0,4.0,11.0,42.0,9.0,14.0,24.0,9.0,12.0,7.0,115.0,608e75ed-e52e-4420-9748-9a13e7c584c5,2024-08-21T10:15:09.150Z
huruma,12.0,9.0,22.0,14.0,5.0,26.0,1.0,12.0,19.0,11.0,52.0,645f5e2d-372e-4c46-8e03-c682423a52d4,2024-03-23T10:29:29.289Z
junubin,11.0,13.0,19.0,17.0,2.0,13.0,1.0,4.0,28.0,10.0,53.0,645f5e2d-372e-4c46-8e03-c682423a52d4,2024-03-23T10:29:29.289Z
deementor,12.0,9.0,28.0,10.0,5.0,14.0,5.0,11.0,26.0,15.0,44.0,cd987855-d4d3-41d9-9ab2-64adcc3dfa31,2024-03-31T10:19:37.327Z
teffad,9.0,3.0,21.0,7.0,6.0,23.0,2.0,13.0,24.0,19.0,35.0,cd987855-d4d3-41d9-9ab2-64adcc3dfa31,2024-03-31T10:19:37.327Z
huruma,5.0,12.0,23.0,12.0,2.0,19.0,3.0,8.0,16.0,10.0,42.0,98232f27-d1d3-4ce2-9b7c-bbb712e5cb53,2024-03-17T08:50:36.113Z
saints,9.0,8.0,21.0,18.0,3.0,12.0,5.0,9.0,30.0,20.0,53.0,98232f27-d1d3-4ce2-9b7c-bbb712e5cb53,2024-03-17T08:50:36.113Z
buruburu,9.0,3.0,35.0,23.0,5.0,10.0,10.0,15.0,28.0,18.0,64.0,8318ca1d-0d0b-4b63-877d-8fabd2094d1b,2024-04-06T13:13:46.360Z
feba,10.0,14.0,30.0,16.0,7.0,21.0,6.0,15.0,27.0,17.0,67.0,8318ca1d-0d0b-4b63-877d-8fabd2094d1b,2024-04-06T13:13:46.360Z
clique,4.0,8.0,13.0,12.0,2.0,11.0,6.0,6.0,12.0,3.0,38.0,e2de976f-8029-4d55-af2c-deebe9870b2c,2024-03-10T10:33:27.409Z
junubin,2.0,6.0,12.0,7.0,0.0,9.0,0.0,7.0,10.0,9.0,20.0,e2de976f-8029-4d55-af2c-deebe9870b2c,2024-03-10T10:33:27.409Z
feba,0.0,0.0,13.0,13.0,2.0,10.0,1.0,8.0,8.0,2.0,32.0,eeb6adbb-0261-4b6e-b159-9567ceec409e,2024-03-09T16:52:53.005Z
kwetu,7.0,4.0,12.0,5.0,0.0,4.0,0.0,1.0,5.0,2.0,14.0,eeb6adbb-0261-4b6e-b159-9567ceec409e,2024-03-09T16:52:53.005Z
junubin,4.0,4.0,18.0,13.0,5.0,8.0,0.0,3.0,21.0,8.0,45.0,caa03a8c-1733-4a39-a5f5-7704255ced4d,2024-03-16T12:28:25.930Z
phenoms,9.0,9.0,18.0,23.0,7.0,20.0,0.0,18.0,19.0,13.0,76.0,caa03a8c-1733-4a39-a5f5-7704255ced4d,2024-03-16T12:28:25.930Z
deementor,8.0,6.0,13.0,9.0,1.0,3.0,2.0,5.0,12.0,12.0,27.0,9ef3b2fd-d009-4ddc-8314-aec22e7c7dd8,2024-03-10T09:41:45.150Z
vikapu,3.0,3.0,10.0,4.0,2.0,11.0,1.0,6.0,10.0,13.0,17.0,9ef3b2fd-d009-4ddc-8314-aec22e7c7dd8,2024-03-10T09:41:45.150Z
kwetu,1.0,2.0,8.0,9.0,2.0,8.0,3.0,6.0,5.0,3.0,26.0,64be1020-9d9b-40f0-8468-bafca24b0aa1,2024-03-12T09:06:32.524Z
phenoms,4.0,7.0,4.0,11.0,6.0,8.0,1.0,3.0,11.0,7.0,47.0,64be1020-9d9b-40f0-8468-bafca24b0aa1,2024-03-12T09:06:32.524Z
db nets,8.0,6.0,8.0,10.0,0.0,3.0,3.0,1.0,4.0,3.0,26.0,1d28a4f3-3c80-4cc2-bf2c-1f44913145e7,2024-03-12T09:47:48.905Z
feba,7.0,9.0,11.0,5.0,1.0,4.0,2.0,3.0,4.0,3.0,22.0,1d28a4f3-3c80-4cc2-bf2c-1f44913145e7,2024-03-12T09:47:48.905Z
buruburu,3.0,4.0,22.0,22.0,5.0,14.0,1.0,15.0,21.0,9.0,63.0,b90cc7ed-1474-403a-b3e0-662f7e2620bd,2024-03-23T09:05:36.326Z
teffad,3.0,14.0,23.0,7.0,6.0,15.0,1.0,3.0,17.0,9.0,46.0,b90cc7ed-1474-403a-b3e0-662f7e2620bd,2024-03-23T09:05:36.326Z
deementor,12.0,8.0,11.0,16.0,2.0,13.0,1.0,5.0,15.0,13.0,46.0,14e7a1c2-caa1-4284-ba58-38ef729fa816,2024-03-23T13:15:41.832Z
saints,2.0,5.0,15.0,20.0,6.0,14.0,1.0,12.0,23.0,13.0,63.0,14e7a1c2-caa1-4284-ba58-38ef729fa816,2024-03-23T13:15:41.832Z
db nets,7.0,5.0,25.0,20.0,2.0,12.0,10.0,18.0,35.0,20.0,51.0,4ee37a8d-c92c-49d3-8d51-7469207c0e73,2024-04-07T10:12:48.486Z
twende,12.0,16.0,35.0,16.0,4.0,28.0,6.0,17.0,19.0,4.0,60.0,4ee37a8d-c92c-49d3-8d51-7469207c0e73,2024-04-07T10:12:48.486Z
db nets,3.0,2.0,10.0,8.0,0.0,5.0,1.0,5.0,3.0,6.0,18.0,72641c55-481b-491e-b9d7-8cf35be2c544,2024-03-12T10:20:28.697Z
kwetu,7.0,11.0,8.0,7.0,0.0,3.0,0.0,2.0,8.0,6.0,25.0,72641c55-481b-491e-b9d7-8cf35be2c544,2024-03-12T10:20:28.697Z
feba,8.0,10.0,20.0,12.0,7.0,22.0,2.0,16.0,21.0,16.0,55.0,ef02bc6f-9da6-4db8-bd46-8474dcc793e9,2024-03-17T13:47:16.731Z
jericho,9.0,12.0,33.0,10.0,3.0,15.0,1.0,12.0,25.0,13.0,41.0,ef02bc6f-9da6-4db8-bd46-8474dcc793e9,2024-03-17T13:47:16.731Z
db nets,2.0,1.0,4.0,7.0,3.0,5.0,0.0,4.0,9.0,9.0,24.0,008adebe-850f-4fab-9b8b-6aa799f3cd42,2024-03-11T06:48:50.930Z
phenoms,5.0,9.0,9.0,7.0,5.0,2.0,1.0,0.0,2.0,1.0,38.0,008adebe-850f-4fab-9b8b-6aa799f3cd42,2024-03-11T06:48:50.930Z
clique,6.0,8.0,10.0,6.0,4.0,8.0,2.0,4.0,12.0,5.0,32.0,f3d4f5c7-6fd7-4d31-860a-203b37da4cb8,2024-03-10T13:13:50.843Z
deementor,6.0,11.0,15.0,7.0,1.0,6.0,1.0,3.0,9.0,5.0,28.0,f3d4f5c7-6fd7-4d31-860a-203b37da4cb8,2024-03-10T13:13:50.843Z
feba,3.0,3.0,19.0,12.0,1.0,12.0,0.0,6.0,10.0,4.0,30.0,78d2c859-62fd-43c7-ae9d-900c9e75be28,2024-03-10T14:02:31.132Z
phenoms,5.0,4.0,18.0,9.0,2.0,9.0,1.0,9.0,18.0,9.0,28.0,78d2c859-62fd-43c7-ae9d-900c9e75be28,2024-03-10T14:02:31.132Z
buruburu,7.0,17.0,27.0,19.0,9.0,19.0,11.0,10.0,26.0,11.0,82.0,f98e13bf-f26b-4e2b-9d64-ccc94d9ce82e,2024-10-06T07:09:52.745Z
rangers,15.0,28.0,32.0,9.0,4.0,24.0,7.0,18.0,25.0,12.0,58.0,f98e13bf-f26b-4e2b-9d64-ccc94d9ce82e,2024-10-06T07:09:52.745Z
deementor,8.0,16.0,22.0,21.0,1.0,8.0,3.0,9.0,12.0,8.0,61.0,abb141b4-2fc7-4477-be00-98dba1586914,2024-04-14T08:48:27.370Z
feba,6.0,3.0,14.0,16.0,3.0,15.0,2.0,8.0,9.0,10.0,44.0,abb141b4-2fc7-4477-be00-98dba1586914,2024-04-14T08:48:27.370Z
feba,2.0,9.0,26.0,16.0,10.0,31.0,2.0,19.0,16.0,17.0,71.0,f7484326-41f9-4834-a6f6-20a3d1af843d,2024-04-12T12:41:47.339Z
junubin,7.0,8.0,22.0,18.0,0.0,11.0,1.0,12.0,16.0,14.0,44.0,f7484326-41f9-4834-a6f6-20a3d1af843d,2024-04-12T12:41:47.339Z
fam kenya,5.0,2.0,17.0,11.0,3.0,28.0,2.0,9.0,19.0,10.0,33.0,2f3eee19-37f4-4a1c-a6ec-20e49ddc4396,2024-03-31T12:05:02.194Z
phenoms,7.0,6.0,23.0,17.0,3.0,12.0,6.0,8.0,27.0,12.0,49.0,2f3eee19-37f4-4a1c-a6ec-20e49ddc4396,2024-03-31T12:05:02.194Z
clique m,10.0,13.0,23.0,19.0,2.0,11.0,6.0,10.0,14.0,5.0,57.0,63c0ff14-a04a-4e7c-b393-4e2c91bb4c53,2024-04-14T11:36:27.120Z
huruma,4.0,6.0,12.0,12.0,6.0,22.0,6.0,10.0,11.0,10.0,48.0,63c0ff14-a04a-4e7c-b393-4e2c91bb4c53,2024-04-14T11:36:27.120Z
kwetu,10.0,10.0,19.0,15.0,4.0,19.0,0.0,10.0,17.0,8.0,52.0,c9e92b03-e229-4152-9c97-90bbcb02a934,2024-03-16T10:17:52.424Z
pride landers,13.0,10.0,23.0,11.0,5.0,17.0,1.0,15.0,21.0,9.0,47.0,c9e92b03-e229-4152-9c97-90bbcb02a934,2024-03-16T10:17:52.424Z
e nets,11.0,7.0,38.0,21.0,2.0,9.0,7.0,12.0,19.0,15.0,55.0,5b69a54f-147c-4de0-b6c1-f46eac826f2f,2024-03-16T13:55:04.936Z
vikapu,11.0,8.0,23.0,15.0,4.0,16.0,4.0,7.0,23.0,12.0,50.0,5b69a54f-147c-4de0-b6c1-f46eac826f2f,2024-03-16T13:55:04.936Z
huruma dragons,4.0,2.0,20.0,20.0,5.0,14.0,7.0,2.0,12.0,4.0,57.0,a8c0c740-64b3-4004-acd4-3990fbde0518,2024-05-26T08:29:31.252Z
teffad,11.0,10.0,20.0,21.0,1.0,7.0,2.0,6.0,14.0,11.0,55.0,a8c0c740-64b3-4004-acd4-3990fbde0518,2024-05-26T08:29:31.252Z
fam kenya,7.0,19.0,28.0,11.0,3.0,17.0,3.0,6.0,19.0,11.0,50.0,38194d11-6ed8-4e4f-824e-17210f3a689c,2024-10-10T05:21:57.170Z
kibra,6.0,9.0,22.0,21.0,4.0,15.0,8.0,5.0,24.0,4.0,63.0,38194d11-6ed8-4e4f-824e-17210f3a689c,2024-10-10T05:21:57.170Z
clique mambas,9.0,14.0,19.0,21.0,5.0,9.0,6.0,5.0,17.0,8.0,71.0,f0fdacd8-ea24-4c57-91c4-12f005045e1f,2024-06-09T08:41:13.194Z
deementor,4.0,3.0,25.0,25.0,1.0,13.0,2.0,5.0,19.0,7.0,56.0,f0fdacd8-ea24-4c57-91c4-12f005045e1f,2024-06-09T08:41:13.194Z
bantu,5.0,9.0,30.0,13.0,4.0,16.0,4.0,14.0,29.0,16.0,47.0,044bd225-b9dd-453b-921e-12aff55052e6,2024-04-12T12:38:16.923Z
db nets,15.0,19.0,27.0,15.0,3.0,17.0,5.0,15.0,27.0,14.0,58.0,044bd225-b9dd-453b-921e-12aff55052e6,2024-04-12T12:38:16.923Z
huruma,9.0,3.0,9.0,8.0,0.0,6.0,0.0,10.0,5.0,3.0,19.0,8c5a7dde-e82e-47ae-9068-8a7ebde89de7,2024-03-09T12:13:20.621Z
leos,5.0,4.0,9.0,7.0,0.0,4.0,0.0,1.0,5.0,3.0,18.0,8c5a7dde-e82e-47ae-9068-8a7ebde89de7,2024-03-09T12:13:20.621Z
moorewright,0.0,0.0,16.0,14.0,4.0,25.0,3.0,10.0,26.0,15.0,40.0,35557c1d-e89c-46a0-8158-b6a7b19aa694,2024-03-17T14:52:00.112Z
twende,5.0,7.0,26.0,31.0,7.0,21.0,11.0,26.0,36.0,12.0,90.0,35557c1d-e89c-46a0-8158-b6a7b19aa694,2024-03-17T14:52:00.112Z
e nets,3.0,4.0,21.0,22.0,1.0,6.0,3.0,5.0,15.0,17.0,51.0,82d83384-81fa-441d-9edb-cd216e9ac560,2024-06-09T14:49:09.051Z
twende,5.0,16.0,18.0,15.0,9.0,21.0,11.0,5.0,11.0,16.0,73.0,82d83384-81fa-441d-9edb-cd216e9ac560,2024-06-09T14:49:09.051Z
fam kenya,12.0,26.0,18.0,15.0,5.0,13.0,3.0,14.0,24.0,20.0,71.0,c495299f-9f2d-449a-b999-e3c08e50cbf3,2024-10-12T05:16:07.884Z
kibra,6.0,15.0,20.0,14.0,8.0,20.0,4.0,11.0,17.0,12.0,67.0,c495299f-9f2d-449a-b999-e3c08e50cbf3,2024-10-12T05:16:07.884Z
kibra,6.0,9.0,21.0,17.0,11.0,11.0,3.0,7.0,9.0,7.0,76.0,044ec448-0264-4a65-9eec-6a313673b2aa,2024-03-16T15:52:26.051Z
sunrise kenya,10.0,5.0,24.0,19.0,3.0,6.0,3.0,3.0,10.0,4.0,52.0,044ec448-0264-4a65-9eec-6a313673b2aa,2024-03-16T15:52:26.051Z
kibra,4.0,5.0,28.0,18.0,3.0,15.0,4.0,11.0,30.0,29.0,50.0,d8a8c910-3cdb-4be5-9b2e-e70d9c96a8ee,2024-03-24T13:18:03.876Z
vikapu k,17.0,12.0,47.0,21.0,5.0,15.0,6.0,22.0,21.0,15.0,69.0,d8a8c910-3cdb-4be5-9b2e-e70d9c96a8ee,2024-03-24T13:18:03.876Z
kwetu,10.0,11.0,32.0,22.0,0.0,8.0,6.0,11.0,22.0,10.0,55.0,80528352-ea0a-4c0b-8f05-c7367ec83d6f,2024-03-24T09:00:43.648Z
leos,6.0,1.0,22.0,12.0,2.0,8.0,3.0,10.0,18.0,17.0,31.0,80528352-ea0a-4c0b-8f05-c7367ec83d6f,2024-03-24T09:00:43.648Z
buruburu,11.0,9.0,31.0,12.0,1.0,17.0,1.0,12.0,18.0,15.0,36.0,67a339fb-7d62-44c8-a9bd-3e5061d8a8a5,2024-04-14T10:07:23.613Z
phenoms,10.0,8.0,22.0,13.0,4.0,11.0,1.0,10.0,23.0,20.0,46.0,67a339fb-7d62-44c8-a9bd-3e5061d8a8a5,2024-04-14T10:07:23.613Z
fam kenya,5.0,5.0,11.0,8.0,1.0,6.0,0.0,4.0,12.0,2.0,24.0,72759044-44b1-4c0f-8f00-ca1025e8d93d,2024-03-09T13:14:13.558Z
leos,1.0,1.0,12.0,6.0,1.0,3.0,0.0,4.0,4.0,7.0,16.0,72759044-44b1-4c0f-8f00-ca1025e8d93d,2024-03-09T13:14:13.558Z
pride landers,11.0,6.0,28.0,13.0,1.0,17.0,1.0,13.0,19.0,12.0,35.0,b6b45999-f701-4b60-b545-b2c5f1f93c95,2024-04-12T12:39:36.184Z
vikapu,10.0,5.0,19.0,15.0,3.0,19.0,5.0,16.0,26.0,19.0,44.0,b6b45999-f701-4b60-b545-b2c5f1f93c95,2024-04-12T12:39:36.184Z
e nets,11.0,5.0,34.0,30.0,1.0,16.0,5.0,22.0,13.0,9.0,68.0,bd7cc70a-4e9b-47ab-ac05-cd60fb58f421,2024-03-30T12:07:27.622Z
leos,5.0,3.0,15.0,12.0,5.0,10.0,2.0,3.0,25.0,21.0,42.0,bd7cc70a-4e9b-47ab-ac05-cd60fb58f421,2024-03-30T12:07:27.622Z
fam kenya,6.0,9.0,9.0,4.0,1.0,5.0,0.0,5.0,4.0,4.0,20.0,a2c9e0c0-2140-4a38-a40a-40629ea320f3,2024-03-09T11:37:42.699Z
savio,4.0,1.0,10.0,8.0,0.0,2.0,0.0,6.0,7.0,8.0,17.0,a2c9e0c0-2140-4a38-a40a-40629ea320f3,2024-03-09T11:37:42.699Z
clique,3.0,7.0,8.0,8.0,1.0,4.0,0.0,3.0,6.0,4.0,26.0,004f4e81-d053-4560-afb8-c11b32056824,2024-03-09T12:48:04.713Z
vikapu,1.0,1.0,7.0,8.0,1.0,6.0,1.0,6.0,7.0,5.0,20.0,004f4e81-d053-4560-afb8-c11b32056824,2024-03-09T12:48:04.713Z
buruburu,4.0,6.0,20.0,17.0,5.0,9.0,1.0,4.0,20.0,5.0,55.0,dbc23120-9b4e-43b7-b81b-9b496c449478,2024-03-16T07:21:45.150Z
deementor,17.0,9.0,24.0,29.0,1.0,10.0,2.0,16.0,24.0,7.0,70.0,dbc23120-9b4e-43b7-b81b-9b496c449478,2024-03-16T07:21:45.150Z
e nets,11.0,8.0,41.0,21.0,1.0,13.0,3.0,22.0,23.0,17.0,53.0,93331b7d-4797-4390-b171-43d44e4bebcd,2024-04-07T14:38:22.212Z
kibra,14.0,2.0,31.0,18.0,4.0,12.0,7.0,15.0,23.0,30.0,50.0,93331b7d-4797-4390-b171-43d44e4bebcd,2024-04-07T14:38:22.212Z
moorewright,6.0,6.0,24.0,14.0,5.0,24.0,4.0,13.0,26.0,18.0,49.0,90073c4d-e307-457f-809a-124fa8b71563,2024-03-30T10:40:34.561Z
pride landers,7.0,7.0,25.0,15.0,5.0,13.0,3.0,6.0,23.0,12.0,52.0,90073c4d-e307-457f-809a-124fa8b71563,2024-03-30T10:40:34.561Z
huruma,0.0,0.0,9.0,3.0,3.0,4.0,0.0,3.0,8.0,4.0,15.0,c63cd6cc-fe6f-4988-8dcb-e2a1964716fb,2024-03-09T09:36:15.477Z
savio,7.0,5.0,11.0,2.0,1.0,3.0,0.0,5.0,9.0,6.0,12.0,c63cd6cc-fe6f-4988-8dcb-e2a1964716fb,2024-03-09T09:36:15.477Z
jericho,7.0,4.0,25.0,16.0,4.0,19.0,3.0,7.0,13.0,9.0,48.0,3768182c-a5cf-435b-a8a4-dc76d42e2586,2024-04-14T09:01:12.097Z
saints,3.0,9.0,16.0,24.0,3.0,12.0,4.0,9.0,26.0,10.0,66.0,3768182c-a5cf-435b-a8a4-dc76d42e2586,2024-04-14T09:01:12.097Z
kwetu,8.0,4.0,28.0,20.0,2.0,8.0,8.0,8.0,21.0,14.0,50.0,aa5b4b05-5353-4e89-96e1-5bcd386a4e50,2024-04-07T11:43:43.718Z
moorewright,3.0,1.0,20.0,12.0,4.0,17.0,6.0,10.0,17.0,13.0,37.0,aa5b4b05-5353-4e89-96e1-5bcd386a4e50,2024-04-07T11:43:43.718Z
fam kenya,3.0,9.0,4.0,6.0,2.0,6.0,0.0,2.0,10.0,1.0,27.0,ebae8d0e-2f60-4484-af67-ce7d11c8051e,2024-03-09T10:23:27.527Z
kibra,3.0,7.0,13.0,3.0,0.0,5.0,0.0,1.0,4.0,2.0,13.0,ebae8d0e-2f60-4484-af67-ce7d11c8051e,2024-03-09T10:23:27.527Z
feba,1.0,3.0,4.0,8.0,2.0,16.0,1.0,6.0,5.0,2.0,25.0,93aeaad1-234b-430b-ad12-9483664fa56d,2024-03-12T08:23:08.961Z
phenoms,6.0,4.0,9.0,12.0,5.0,3.0,4.0,2.0,13.0,5.0,43.0,93aeaad1-234b-430b-ad12-9483664fa56d,2024-03-12T08:23:08.961Z
feba nation,4.0,4.0,22.0,8.0,8.0,17.0,2.0,7.0,8.0,9.0,44.0,341ce311-12aa-49e3-b917-f83c4cddde07,2024-05-26T08:30:22.042Z
saints,3.0,7.0,17.0,20.0,6.0,10.0,9.0,6.0,14.0,14.0,65.0,341ce311-12aa-49e3-b917-f83c4cddde07,2024-05-26T08:30:22.042Z
clique mambas,7.0,14.0,40.0,16.0,0.0,15.0,8.0,13.0,18.0,13.0,46.0,56632386-f6df-4696-b741-ae2c881a95eb,2024-10-10T05:23:18.264Z
phenoms,5.0,8.0,20.0,28.0,7.0,15.0,19.0,9.0,26.0,13.0,85.0,56632386-f6df-4696-b741-ae2c881a95eb,2024-10-10T05:23:18.264Z
leos,1.0,4.0,11.0,20.0,3.0,6.0,2.0,4.0,11.0,9.0,53.0,2a9e89a6-9382-4871-9801-02680db0dd78,2024-04-28T10:17:08.902Z
twende,8.0,19.0,15.0,25.0,3.0,11.0,1.0,8.0,14.0,9.0,78.0,2a9e89a6-9382-4871-9801-02680db0dd78,2024-04-28T10:17:08.902Z
clique mambas,5.0,7.0,25.0,27.0,1.0,28.0,7.0,17.0,21.0,8.0,64.0,904e71c5-f76b-4827-9927-0f4125145ef9,2024-04-28T07:06:14.407Z
jericho nets,2.0,1.0,27.0,14.0,1.0,8.0,4.0,9.0,24.0,17.0,32.0,904e71c5-f76b-4827-9927-0f4125145ef9,2024-04-28T07:06:14.407Z
clique mambas,13.0,15.0,23.0,29.0,5.0,18.0,10.0,17.0,23.0,9.0,88.0,35949233-6491-4bd8-8200-84f1cd048d80,2024-08-18T07:08:45.632Z
feba nation,1.0,3.0,10.0,14.0,7.0,21.0,5.0,5.0,14.0,11.0,52.0,35949233-6491-4bd8-8200-84f1cd048d80,2024-08-18T07:08:45.632Z
fam kenya,7.0,6.0,25.0,9.0,8.0,14.0,1.0,10.0,24.0,17.0,48.0,c495876b-4730-4ba5-9a51-c5dce65c4265,2024-04-14T13:12:53.412Z
junubin,7.0,7.0,25.0,12.0,1.0,12.0,1.0,5.0,16.0,12.0,34.0,c495876b-4730-4ba5-9a51-c5dce65c4265,2024-04-14T13:12:53.412Z
db nets,10.0,11.0,25.0,15.0,2.0,7.0,1.0,8.0,15.0,8.0,47.0,85b87457-2757-4ec4-8dd4-d79c6f855fd1,2024-04-27T14:50:56.527Z
kwetu,2.0,10.0,11.0,13.0,5.0,13.0,1.0,0.0,12.0,7.0,51.0,85b87457-2757-4ec4-8dd4-d79c6f855fd1,2024-04-27T14:50:56.527Z
fam kenya,8.0,9.0,39.0,20.0,4.0,11.0,6.0,18.0,33.0,19.0,61.0,81a1db84-cf88-4191-978e-e62e52049eab,2024-04-06T10:17:58.755Z
huruma,9.0,5.0,24.0,12.0,6.0,33.0,4.0,15.0,17.0,12.0,47.0,81a1db84-cf88-4191-978e-e62e52049eab,2024-04-06T10:17:58.755Z
db nets,6.0,4.0,25.0,23.0,5.0,11.0,6.0,12.0,25.0,17.0,65.0,08f0ca91-b41c-46b5-b952-37da773a0fda,2024-04-21T10:34:23.257Z
pride landers,1.0,2.0,13.0,14.0,7.0,18.0,0.0,7.0,17.0,9.0,51.0,08f0ca91-b41c-46b5-b952-37da773a0fda,2024-04-21T10:34:23.257Z
phenoms,1.0,6.0,26.0,25.0,4.0,11.0,5.0,14.0,22.0,5.0,68.0,07efaafa-e0b7-44a4-8f0e-49c5b871688a,2024-04-28T13:37:05.433Z
teffad,4.0,4.0,19.0,9.0,6.0,18.0,3.0,6.0,10.0,5.0,40.0,07efaafa-e0b7-44a4-8f0e-49c5b871688a,2024-04-28T13:37:05.433Z
kwetu,7.0,15.0,21.0,10.0,3.0,11.0,5.0,6.0,19.0,10.0,44.0,7ee82fa2-75a5-4720-87bb-168de93b9b6f,2024-04-21T11:51:51.772Z
vikapu,8.0,10.0,35.0,23.0,6.0,9.0,5.0,19.0,19.0,5.0,74.0,7ee82fa2-75a5-4720-87bb-168de93b9b6f,2024-04-21T11:51:51.772Z
deementor,9.0,12.0,27.0,22.0,2.0,14.0,6.0,7.0,24.0,17.0,62.0,8e6e8f3e-85fe-4256-a400-844b13a5b130,2024-04-28T08:32:55.260Z
huruma dragons,13.0,8.0,28.0,23.0,5.0,19.0,6.0,13.0,20.0,12.0,69.0,8e6e8f3e-85fe-4256-a400-844b13a5b130,2024-04-28T08:32:55.260Z
bantu,4.0,8.0,37.0,11.0,6.0,9.0,2.0,14.0,17.0,10.0,48.0,a9b590e7-fb44-4f43-8f98-1e9638a0dc33,2024-04-27T07:24:04.527Z
kibra,9.0,2.0,36.0,22.0,5.0,6.0,4.0,22.0,17.0,18.0,61.0,a9b590e7-fb44-4f43-8f98-1e9638a0dc33,2024-04-27T07:24:04.527Z
buruburu,2.0,3.0,27.0,11.0,10.0,21.0,3.0,17.0,17.0,17.0,55.0,e81a9a10-738a-414b-b676-174428aa676f,2024-04-27T10:24:24.057Z
junubin,8.0,8.0,28.0,11.0,2.0,16.0,0.0,11.0,27.0,20.0,36.0,e81a9a10-738a-414b-b676-174428aa676f,2024-04-27T10:24:24.057Z
fam kenya,7.0,9.0,21.0,13.0,2.0,13.0,3.0,6.0,18.0,9.0,41.0,baa28113-2459-4c88-b231-9004aae5304a,2024-04-28T11:36:20.280Z
saints,6.0,4.0,16.0,10.0,5.0,10.0,1.0,8.0,16.0,9.0,39.0,baa28113-2459-4c88-b231-9004aae5304a,2024-04-28T11:36:20.280Z
bantu,4.0,5.0,31.0,14.0,3.0,6.0,5.0,8.0,19.0,24.0,42.0,068dd289-f84f-48c3-86c7-5fe87f6943b3,2024-04-21T07:41:25.927Z
e nets,11.0,12.0,37.0,19.0,5.0,11.0,2.0,21.0,23.0,16.0,65.0,068dd289-f84f-48c3-86c7-5fe87f6943b3,2024-04-21T07:41:25.927Z
advance,3.0,6.0,16.0,15.0,3.0,7.0,2.0,3.0,13.0,13.0,45.0,a453cba0-3541-4d1e-a8fb-025955eb9cd4,2024-04-28T14:58:38.853Z
feba nation,5.0,17.0,19.0,15.0,7.0,19.0,0.0,11.0,13.0,17.0,68.0,a453cba0-3541-4d1e-a8fb-025955eb9cd4,2024-04-28T14:58:38.853Z
pride landers,11.0,2.0,24.0,17.0,2.0,12.0,3.0,8.0,15.0,15.0,42.0,1da7429a-2f9e-4713-8eec-ff9cf928194b,2024-08-03T08:39:51.748Z
savio,4.0,10.0,22.0,14.0,7.0,15.0,2.0,8.0,24.0,16.0,59.0,1da7429a-2f9e-4713-8eec-ff9cf928194b,2024-08-03T08:39:51.748Z
huruma,9.0,3.0,30.0,14.0,3.0,15.0,8.0,13.0,20.0,14.0,40.0,664d19aa-b63e-4cc7-b5e5-b6a7aebad0b2,2024-03-31T07:31:07.199Z
jericho,6.0,3.0,25.0,14.0,2.0,11.0,3.0,8.0,19.0,26.0,37.0,664d19aa-b63e-4cc7-b5e5-b6a7aebad0b2,2024-03-31T07:31:07.199Z
e nets,9.0,4.0,42.0,20.0,3.0,15.0,2.0,22.0,15.0,12.0,53.0,9cd0e746-239d-4559-89fb-302d2f9131a7,2024-04-27T08:44:43.096Z
pride landers,13.0,10.0,21.0,14.0,1.0,9.0,2.0,5.0,25.0,19.0,41.0,9cd0e746-239d-4559-89fb-302d2f9131a7,2024-04-27T08:44:43.096Z
leos,7.0,4.0,33.0,7.0,2.0,12.0,3.0,13.0,17.0,19.0,24.0,da40a1b2-d99c-44ad-8a33-3d0353f31402,2024-04-21T09:11:39.096Z
moorewright,7.0,5.0,20.0,13.0,5.0,25.0,7.0,15.0,23.0,18.0,46.0,da40a1b2-d99c-44ad-8a33-3d0353f31402,2024-04-21T09:11:39.096Z
fam kenya,4.0,6.0,8.0,5.0,3.0,4.0,1.0,4.0,3.0,1.0,25.0,8599d7b3-bf33-4659-aef9-dd0227f2f56e,2024-03-09T15:44:35.077Z
huruma,4.0,4.0,5.0,4.0,1.0,3.0,0.0,2.0,5.0,2.0,15.0,8599d7b3-bf33-4659-aef9-dd0227f2f56e,2024-03-09T15:44:35.077Z
deementor,4.0,1.0,11.0,9.0,2.0,8.0,0.0,3.0,12.0,5.0,25.0,10ffac70-6831-45f2-a115-9fd21986a898,2024-03-12T07:54:06.212Z
junubin,3.0,3.0,7.0,6.0,0.0,9.0,1.0,2.0,15.0,8.0,15.0,10ffac70-6831-45f2-a115-9fd21986a898,2024-03-12T07:54:06.212Z
kibra,9.0,4.0,26.0,18.0,2.0,21.0,3.0,16.0,14.0,13.0,46.0,49bb67d4-89bf-433b-8bc3-0d132b7890cd,2024-04-20T13:12:13.407Z
moorewright,8.0,7.0,27.0,13.0,2.0,8.0,4.0,8.0,19.0,18.0,39.0,49bb67d4-89bf-433b-8bc3-0d132b7890cd,2024-04-20T13:12:13.407Z
fam kenya,9.0,13.0,26.0,17.0,1.0,10.0,4.0,15.0,19.0,15.0,50.0,6d4c5c34-37a3-4b24-ae7a-8d4a5c6729a2,2024-04-20T07:22:04.477Z
jericho,13.0,9.0,22.0,9.0,2.0,13.0,0.0,8.0,9.0,13.0,33.0,6d4c5c34-37a3-4b24-ae7a-8d4a5c6729a2,2024-04-20T07:22:04.477Z
clique m,3.0,8.0,28.0,21.0,6.0,13.0,3.0,9.0,14.0,9.0,68.0,d2c9c1b6-bee2-4806-bb47-e363f7d05fc8,2024-04-20T14:25:23.330Z
junubin,3.0,5.0,18.0,16.0,3.0,6.0,1.0,7.0,14.0,12.0,46.0,d2c9c1b6-bee2-4806-bb47-e363f7d05fc8,2024-04-20T14:25:23.330Z
rangers,3.0,3.0,14.0,14.0,0.0,3.0,0.0,10.0,4.0,0.0,31.0,2bc9c906-4c65-4fb8-8b9a-867928ef9ed7,2024-04-21T13:33:04.186Z
savio,0.0,3.0,5.0,7.0,2.0,2.0,0.0,1.0,4.0,3.0,23.0,2bc9c906-4c65-4fb8-8b9a-867928ef9ed7,2024-04-21T13:33:04.186Z
moorewright,7.0,5.0,28.0,13.0,5.0,11.0,1.0,14.0,15.0,8.0,46.0,9e1b2dd4-46c8-45d2-af15-02ef27388ac0,2024-04-27T13:29:03.247Z
rangers,1.0,7.0,19.0,11.0,4.0,10.0,3.0,4.0,8.0,8.0,41.0,9e1b2dd4-46c8-45d2-af15-02ef27388ac0,2024-04-27T13:29:03.247Z
clique,10.0,4.0,16.0,15.0,0.0,8.0,5.0,9.0,13.0,7.0,34.0,197be673-8a15-4483-b386-5408e05165b5,2024-03-10T15:49:11.800Z
feba,5.0,9.0,19.0,10.0,2.0,4.0,0.0,6.0,8.0,9.0,35.0,197be673-8a15-4483-b386-5408e05165b5,2024-03-10T15:49:11.800Z
db nets,12.0,15.0,32.0,15.0,1.0,8.0,7.0,18.0,23.0,13.0,48.0,78b8d878-303f-4721-b667-293b5709f59d,2024-05-05T07:07:21.445Z
savio,3.0,7.0,27.0,15.0,0.0,20.0,5.0,12.0,18.0,17.0,37.0,78b8d878-303f-4721-b667-293b5709f59d,2024-05-05T07:07:21.445Z
bantu,3.0,4.0,36.0,18.0,3.0,15.0,5.0,14.0,26.0,32.0,49.0,e096b4a4-dc91-4afd-bbf4-606936a87e6f,2024-05-05T08:42:18.905Z
twende,6.0,11.0,29.0,33.0,5.0,32.0,7.0,18.0,21.0,12.0,92.0,e096b4a4-dc91-4afd-bbf4-606936a87e6f,2024-05-05T08:42:18.905Z
kibra,7.0,4.0,20.0,22.0,5.0,24.0,5.0,12.0,20.0,12.0,63.0,d0668950-c40a-4761-a41a-1098bfe2388f,2024-05-05T11:46:57.126Z
pride landers,5.0,7.0,22.0,21.0,3.0,23.0,3.0,6.0,12.0,6.0,58.0,d0668950-c40a-4761-a41a-1098bfe2388f,2024-05-05T11:46:57.126Z
e nets,10.0,9.0,28.0,14.0,7.0,6.0,3.0,7.0,11.0,17.0,58.0,a930b465-6de1-48bf-b0bc-987a6664fcf7,2024-05-11T11:36:47.306Z
savio,5.0,6.0,24.0,18.0,3.0,13.0,2.0,9.0,15.0,13.0,51.0,a930b465-6de1-48bf-b0bc-987a6664fcf7,2024-05-11T11:36:47.306Z
advance,7.0,0.0,26.0,3.0,11.0,23.0,1.0,8.0,21.0,9.0,39.0,1517b96c-6886-415d-b370-29860c6024a4,2024-05-05T13:24:19.781Z
phenoms,6.0,6.0,19.0,22.0,9.0,32.0,7.0,21.0,31.0,8.0,77.0,1517b96c-6886-415d-b370-29860c6024a4,2024-05-05T13:24:19.781Z
e nets,8.0,12.0,28.0,21.0,2.0,8.0,8.0,9.0,9.0,15.0,60.0,d1fd9661-04ee-4f6a-814b-b75e83c6ae8d,2024-05-05T14:32:51.844Z
kwetu,10.0,10.0,22.0,14.0,4.0,8.0,2.0,7.0,15.0,12.0,50.0,d1fd9661-04ee-4f6a-814b-b75e83c6ae8d,2024-05-05T14:32:51.844Z
twende,8.0,10.0,21.0,29.0,6.0,10.0,8.0,3.0,20.0,22.0,86.0,f26b5143-5550-47d3-a73a-ee8b7c4af722,2024-05-26T08:31:20.009Z
vikapu,4.0,13.0,22.0,21.0,8.0,11.0,5.0,4.0,12.0,8.0,79.0,f26b5143-5550-47d3-a73a-ee8b7c4af722,2024-05-26T08:31:20.009Z
e nets,20.0,21.0,43.0,18.0,1.0,9.0,7.0,14.0,25.0,14.0,60.0,343dd51a-86eb-406d-b678-f78ae2bd093c,2024-10-10T05:22:38.322Z
vikapu,12.0,15.0,36.0,14.0,3.0,27.0,8.0,13.0,17.0,15.0,52.0,343dd51a-86eb-406d-b678-f78ae2bd093c,2024-10-10T05:22:38.322Z
db nets,7.0,5.0,31.0,24.0,5.0,26.0,10.0,22.0,19.0,12.0,68.0,0fc0c46f-5156-4195-92d3-a2855fa2d409,2024-05-11T08:38:59.534Z
moorewright,6.0,4.0,16.0,22.0,5.0,19.0,5.0,8.0,27.0,18.0,63.0,0fc0c46f-5156-4195-92d3-a2855fa2d409,2024-05-11T08:38:59.534Z
bantu,9.0,10.0,24.0,24.0,2.0,17.0,3.0,10.0,19.0,14.0,64.0,16246ebb-0279-47ab-aac9-73b2c439a380,2024-05-11T10:17:57.901Z
leos,9.0,4.0,30.0,11.0,1.0,12.0,1.0,9.0,15.0,18.0,29.0,16246ebb-0279-47ab-aac9-73b2c439a380,2024-05-11T10:17:57.901Z
advance,10.0,6.0,27.0,20.0,2.0,17.0,7.0,8.0,14.0,19.0,52.0,6411d3ce-34b4-402f-a798-5878f52d9550,2024-05-12T08:40:57.171Z
huruma dragons,5.0,5.0,17.0,17.0,8.0,21.0,3.0,13.0,14.0,17.0,63.0,6411d3ce-34b4-402f-a798-5878f52d9550,2024-05-12T08:40:57.171Z
buruburu,1.0,1.0,25.0,13.0,4.0,17.0,1.0,5.0,12.0,21.0,39.0,33251337-a935-4780-a504-c06fe6de3cd1,2024-05-11T14:31:32.534Z
fam kenya,3.0,9.0,25.0,18.0,5.0,18.0,2.0,12.0,12.0,24.0,60.0,33251337-a935-4780-a504-c06fe6de3cd1,2024-05-11T14:31:32.534Z
moorewright,6.0,9.0,21.0,18.0,1.0,4.0,1.0,3.0,20.0,17.0,48.0,949351a3-6f4f-45b7-ac7c-e85676a41683,2024-05-12T09:55:19.542Z
vikapu,8.0,4.0,40.0,34.0,2.0,24.0,14.0,28.0,14.0,20.0,78.0,949351a3-6f4f-45b7-ac7c-e85676a41683,2024-05-12T09:55:19.542Z
deementor,9.0,13.0,26.0,20.0,2.0,13.0,3.0,9.0,10.0,13.0,59.0,81e1f66c-2212-4a9d-bbcd-54512511bae6,2024-05-12T07:11:38.451Z
jericho nets,3.0,1.0,16.0,21.0,3.0,11.0,2.0,5.0,13.0,11.0,52.0,81e1f66c-2212-4a9d-bbcd-54512511bae6,2024-05-12T07:11:38.451Z
clique mambas,10.0,15.0,30.0,18.0,2.0,15.0,2.0,10.0,18.0,10.0,57.0,2e815f6c-25e5-4dae-a101-b33f8312e004,2024-05-12T11:29:41.869Z
saints,7.0,7.0,23.0,19.0,3.0,18.0,4.0,10.0,14.0,11.0,54.0,2e815f6c-25e5-4dae-a101-b33f8312e004,2024-05-12T11:29:41.869Z
junubin,2.0,7.0,20.0,11.0,2.0,4.0,1.0,7.0,6.0,12.0,35.0,1fb1c56e-38f8-41ed-ad70-978a3f1ad679,2024-05-12T12:54:56.131Z
teffad,2.0,6.0,13.0,8.0,2.0,14.0,1.0,3.0,8.0,8.0,28.0,1fb1c56e-38f8-41ed-ad70-978a3f1ad679,2024-05-12T12:54:56.131Z
deementor,1.0,3.0,21.0,8.0,6.0,21.0,5.0,9.0,22.0,12.0,37.0,30d41b43-20f7-4e32-be57-bc26283d1529,2024-06-08T08:24:29.987Z
phenoms,8.0,9.0,20.0,18.0,1.0,14.0,8.0,12.0,28.0,19.0,48.0,30d41b43-20f7-4e32-be57-bc26283d1529,2024-06-08T08:24:29.987Z
kwetu,9.0,12.0,22.0,23.0,4.0,13.0,7.0,7.0,13.0,10.0,70.0,6be66872-8158-4069-842e-c94e5312b4ba,2024-05-12T14:30:27.087Z
savio,12.0,7.0,29.0,23.0,2.0,14.0,5.0,13.0,13.0,10.0,59.0,6be66872-8158-4069-842e-c94e5312b4ba,2024-05-12T14:30:27.087Z
leos,2.0,0.0,24.0,12.0,2.0,23.0,2.0,10.0,11.0,18.0,30.0,c5e3f240-6344-4bab-a261-5a5fafd33534,2024-06-09T07:09:14.993Z
rangers,7.0,10.0,24.0,42.0,4.0,17.0,10.0,17.0,19.0,11.0,106.0,c5e3f240-6344-4bab-a261-5a5fafd33534,2024-06-09T07:09:14.993Z
buruburu,7.0,13.0,21.0,25.0,2.0,16.0,5.0,7.0,12.0,8.0,69.0,e8207276-22c3-4bce-a026-598f75705d3d,2024-05-16T06:45:41.276Z
clique mambas,4.0,11.0,18.0,13.0,7.0,12.0,1.0,3.0,19.0,11.0,58.0,e8207276-22c3-4bce-a026-598f75705d3d,2024-05-16T06:45:41.276Z
jericho nets,2.0,10.0,14.0,16.0,4.0,16.0,4.0,9.0,12.0,5.0,54.0,5e4be2b8-e330-4a90-a31c-13d2f75bec8c,2024-05-18T08:48:43.762Z
teffad,1.0,8.0,12.0,15.0,4.0,18.0,0.0,4.0,13.0,4.0,50.0,5e4be2b8-e330-4a90-a31c-13d2f75bec8c,2024-05-18T08:48:43.762Z
phenoms,11.0,8.0,14.0,21.0,10.0,13.0,8.0,5.0,20.0,7.0,80.0,b14b68d1-a6e0-4d5b-a0b0-ec598db627a2,2024-05-16T06:46:28.280Z
saints,2.0,6.0,13.0,15.0,11.0,20.0,6.0,2.0,12.0,10.0,69.0,b14b68d1-a6e0-4d5b-a0b0-ec598db627a2,2024-05-16T06:46:28.280Z
advance,4.0,5.0,24.0,16.0,3.0,14.0,4.0,8.0,10.0,14.0,46.0,54dd331e-65a7-4517-983d-16365fb7fa5b,2024-05-16T06:47:13.745Z
junubin,8.0,5.0,22.0,19.0,2.0,13.0,2.0,13.0,7.0,19.0,49.0,54dd331e-65a7-4517-983d-16365fb7fa5b,2024-05-16T06:47:13.745Z
kwetu,5.0,6.0,15.0,12.0,2.0,5.0,2.0,2.0,11.0,5.0,36.0,068989eb-4308-4805-8f9f-325495aebb90,2024-05-18T14:44:46.640Z
twende,10.0,11.0,17.0,13.0,5.0,17.0,3.0,8.0,12.0,14.0,52.0,068989eb-4308-4805-8f9f-325495aebb90,2024-05-18T14:44:46.640Z
leos,3.0,3.0,17.0,16.0,3.0,16.0,0.0,7.0,13.0,10.0,44.0,27df46c5-6125-4ad6-83d4-069158c9fb56,2024-05-16T06:35:59.432Z
vikapu,2.0,14.0,19.0,21.0,11.0,15.0,5.0,4.0,14.0,11.0,89.0,27df46c5-6125-4ad6-83d4-069158c9fb56,2024-05-16T06:35:59.432Z
db nets,3.0,5.0,20.0,13.0,5.0,11.0,1.0,9.0,8.0,3.0,46.0,9b23030c-e330-4126-935f-666eb5a3c782,2024-05-16T06:37:00.481Z
rangers,2.0,5.0,24.0,21.0,2.0,7.0,1.0,7.0,3.0,6.0,53.0,9b23030c-e330-4126-935f-666eb5a3c782,2024-05-16T06:37:00.481Z
e nets,7.0,9.0,13.0,22.0,1.0,6.0,0.0,7.0,3.0,8.0,56.0,0bf84c4b-0070-42ee-88fc-2c19e5eb20c2,2024-05-16T06:42:36.914Z
moorewright,3.0,6.0,16.0,9.0,1.0,7.0,3.0,13.0,8.0,8.0,27.0,0bf84c4b-0070-42ee-88fc-2c19e5eb20c2,2024-05-16T06:42:36.914Z
bantu,4.0,5.0,6.0,16.0,6.0,12.0,3.0,3.0,15.0,5.0,55.0,bf3293df-83dd-49d5-ad84-3cd927bedc22,2024-05-18T21:24:27.054Z
pride landers,6.0,6.0,10.0,22.0,3.0,8.0,0.0,4.0,12.0,4.0,59.0,bf3293df-83dd-49d5-ad84-3cd927bedc22,2024-05-18T21:24:27.054Z
buruburu,9.0,7.0,20.0,15.0,1.0,6.0,2.0,7.0,16.0,7.0,40.0,741f8905-b5b5-4598-8f6c-cff6ec72f212,2024-05-19T07:18:52.768Z
saints,4.0,8.0,21.0,13.0,4.0,12.0,4.0,7.0,17.0,8.0,46.0,741f8905-b5b5-4598-8f6c-cff6ec72f212,2024-05-19T07:18:52.768Z
kibra,8.0,11.0,35.0,20.0,2.0,12.0,1.0,16.0,22.0,8.0,57.0,9b481d0b-1ed8-4461-9f77-8684c233145a,2024-05-16T06:43:19.648Z
savio,7.0,4.0,22.0,18.0,3.0,12.0,2.0,10.0,24.0,11.0,49.0,9b481d0b-1ed8-4461-9f77-8684c233145a,2024-05-16T06:43:19.648Z
advance,3.0,0.0,20.0,12.0,4.0,21.0,1.0,8.0,20.0,8.0,36.0,e6f0c097-2951-4929-9f49-48e59bd7bde8,2024-05-19T08:17:58.375Z
jericho nets,3.0,6.0,25.0,16.0,3.0,15.0,4.0,11.0,22.0,9.0,47.0,e6f0c097-2951-4929-9f49-48e59bd7bde8,2024-05-19T08:17:58.375Z
huruma dragons,2.0,3.0,19.0,11.0,2.0,9.0,1.0,4.0,12.0,14.0,31.0,eb0edccd-06c9-43a3-9924-838788e514be,2024-05-19T09:57:39.227Z
phenoms,22.0,9.0,34.0,16.0,1.0,13.0,2.0,18.0,15.0,15.0,44.0,eb0edccd-06c9-43a3-9924-838788e514be,2024-05-19T09:57:39.227Z
fam kenya,3.0,8.0,23.0,11.0,2.0,13.0,4.0,7.0,19.0,5.0,36.0,531e819f-7100-460c-8ff5-351dba343d04,2024-05-19T11:46:46.953Z
teffad,6.0,8.0,24.0,17.0,2.0,14.0,1.0,7.0,16.0,9.0,48.0,531e819f-7100-460c-8ff5-351dba343d04,2024-05-19T11:46:46.953Z
buruburu,10.0,4.0,26.0,23.0,3.0,14.0,6.0,15.0,26.0,16.0,59.0,bce79013-c0fe-4721-bde9-004b35a9fda8,2024-06-02T10:07:32.061Z
jericho nets,7.0,7.0,28.0,13.0,4.0,10.0,1.0,4.0,15.0,9.0,45.0,bce79013-c0fe-4721-bde9-004b35a9fda8,2024-06-02T10:07:32.061Z
savio,5.0,4.0,22.0,15.0,2.0,18.0,6.0,11.0,15.0,12.0,40.0,d5569d3f-e8a8-44a0-9c0c-52284c89da76,2024-05-19T09:53:51.445Z
twende,3.0,10.0,18.0,19.0,6.0,22.0,10.0,10.0,16.0,13.0,66.0,d5569d3f-e8a8-44a0-9c0c-52284c89da76,2024-05-19T09:53:51.445Z
db nets,9.0,5.0,26.0,17.0,2.0,7.0,6.0,11.0,16.0,13.0,45.0,9f925b6c-226c-4efc-8bf5-bc56797353fd,2024-05-19T14:42:00.155Z
vikapu,1.0,1.0,21.0,20.0,4.0,16.0,7.0,10.0,14.0,16.0,53.0,9f925b6c-226c-4efc-8bf5-bc56797353fd,2024-05-19T14:42:00.155Z
feba nation,7.0,10.0,15.0,12.0,6.0,3.0,2.0,9.0,17.0,6.0,52.0,a13e5c4f-6e94-434e-9974-d1bf6ff4752f,2024-05-16T06:45:03.082Z
huruma dragons,9.0,11.0,17.0,13.0,3.0,3.0,6.0,19.0,27.0,5.0,46.0,a13e5c4f-6e94-434e-9974-d1bf6ff4752f,2024-05-16T06:45:03.082Z
rangers,5.0,4.0,24.0,10.0,4.0,20.0,3.0,12.0,16.0,13.0,36.0,f7328d99-c875-4a9f-9650-7e7691bb36a7,2024-06-15T13:32:23.184Z
twende,1.0,15.0,16.0,23.0,8.0,26.0,13.0,8.0,31.0,14.0,85.0,f7328d99-c875-4a9f-9650-7e7691bb36a7,2024-06-15T13:32:23.184Z
deementor,10.0,9.0,33.0,23.0,3.0,13.0,7.0,7.0,13.0,12.0,64.0,10f7b139-6987-4f56-b2d9-48cdb9de3ada,2024-06-16T14:35:49.020Z
fam kenya,11.0,12.0,29.0,19.0,6.0,18.0,7.0,17.0,19.0,16.0,68.0,10f7b139-6987-4f56-b2d9-48cdb9de3ada,2024-06-16T14:35:49.020Z
advance,3.0,4.0,34.0,17.0,2.0,20.0,3.0,11.0,15.0,19.0,44.0,428d1fe2-94bd-46da-b931-7158700634f7,2024-06-29T07:01:26.765Z
deementor,14.0,15.0,32.0,20.0,5.0,22.0,6.0,12.0,23.0,9.0,70.0,428d1fe2-94bd-46da-b931-7158700634f7,2024-06-29T07:01:26.765Z
kwetu,1.0,3.0,18.0,16.0,6.0,9.0,0.0,3.0,14.0,5.0,53.0,d9964415-76b3-4011-add7-3c47cca55612,2024-06-29T13:14:59.500Z
moorewright,5.0,4.0,14.0,22.0,4.0,11.0,2.0,6.0,13.0,9.0,60.0,d9964415-76b3-4011-add7-3c47cca55612,2024-06-29T13:14:59.500Z
kibra,9.0,8.0,21.0,19.0,5.0,16.0,7.0,11.0,19.0,15.0,61.0,ddf518a9-e70d-453e-8bff-8819a03db052,2024-06-30T07:28:02.021Z
kwetu,11.0,6.0,31.0,17.0,1.0,18.0,6.0,6.0,15.0,13.0,43.0,ddf518a9-e70d-453e-8bff-8819a03db052,2024-06-30T07:28:02.021Z
advance,8.0,9.0,27.0,16.0,2.0,8.0,5.0,12.0,10.0,4.0,47.0,e0b21e60-190c-4c2c-8b2d-fb9e055e0144,2024-07-13T08:19:43.563Z
huruma dragons,11.0,5.0,15.0,22.0,4.0,16.0,8.0,1.0,15.0,9.0,61.0,e0b21e60-190c-4c2c-8b2d-fb9e055e0144,2024-07-13T08:19:43.563Z
bantu,5.0,10.0,14.0,15.0,15.0,15.0,3.0,6.0,17.0,5.0,85.0,ab444084-9ec4-4381-8559-ee2ff48f1f2f,2024-08-03T07:18:44.564Z
moorewright,5.0,6.0,13.0,34.0,2.0,6.0,8.0,5.0,18.0,6.0,80.0,ab444084-9ec4-4381-8559-ee2ff48f1f2f,2024-08-03T07:18:44.564Z
bantu,5.0,8.0,28.0,29.0,9.0,16.0,1.0,10.0,15.0,7.0,93.0,2aa60dd7-309c-4d0a-9f1d-50803ad1c4ee,2024-07-04T16:43:26.293Z
pride landers,8.0,8.0,18.0,19.0,6.0,8.0,2.0,7.0,17.0,6.0,64.0,2aa60dd7-309c-4d0a-9f1d-50803ad1c4ee,2024-07-04T16:43:26.293Z
bantu,6.0,8.0,27.0,22.0,3.0,22.0,5.0,11.0,16.0,13.0,61.0,5a200017-4d3c-4ee9-abdc-a0a319cbb307,2024-07-14T08:31:59.149Z
kibra,11.0,8.0,25.0,21.0,5.0,19.0,8.0,8.0,19.0,16.0,65.0,5a200017-4d3c-4ee9-abdc-a0a319cbb307,2024-07-14T08:31:59.149Z
moorewright,8.0,8.0,30.0,15.0,7.0,15.0,4.0,12.0,19.0,9.0,59.0,5dcc25c8-b570-4ded-aa0c-d80505105ccd,2024-07-14T08:34:03.359Z
rangers,9.0,8.0,19.0,18.0,0.0,17.0,8.0,7.0,11.0,11.0,44.0,5dcc25c8-b570-4ded-aa0c-d80505105ccd,2024-07-14T08:34:03.359Z
db nets,13.0,8.0,24.0,16.0,3.0,20.0,4.0,16.0,12.0,15.0,49.0,0703d3bb-243a-4e94-88b6-7d7db8dbd83f,2024-07-14T11:14:18.004Z
kwetu,12.0,18.0,26.0,17.0,1.0,15.0,6.0,7.0,11.0,9.0,55.0,0703d3bb-243a-4e94-88b6-7d7db8dbd83f,2024-07-14T11:14:18.004Z
bantu,6.0,7.0,20.0,14.0,3.0,12.0,7.0,3.0,8.0,20.0,44.0,ac57cafa-7282-4738-b244-97b22bc4b574,2024-07-20T04:18:16.626Z
vikapu,6.0,14.0,29.0,30.0,5.0,12.0,9.0,13.0,18.0,15.0,89.0,ac57cafa-7282-4738-b244-97b22bc4b574,2024-07-20T04:18:16.626Z
buruburu,7.0,11.0,19.0,18.0,8.0,18.0,13.0,6.0,23.0,14.0,71.0,5e16cca6-4a9a-42c8-8498-e73c6f3f38c9,2024-07-21T07:31:18.524Z
junubin,15.0,9.0,39.0,24.0,4.0,24.0,4.0,22.0,19.0,11.0,69.0,5e16cca6-4a9a-42c8-8498-e73c6f3f38c9,2024-07-21T07:31:18.524Z
db nets,10.0,13.0,19.0,9.0,7.0,17.0,2.0,7.0,11.0,12.0,52.0,fc8b644d-5efb-48c4-aada-8ca901ad4bcf,2024-08-03T11:54:06.285Z
e nets,3.0,6.0,17.0,22.0,2.0,6.0,3.0,6.0,11.0,24.0,56.0,fc8b644d-5efb-48c4-aada-8ca901ad4bcf,2024-08-03T11:54:06.285Z
pride landers,0.0,3.0,14.0,23.0,1.0,12.0,1.0,4.0,3.0,7.0,52.0,5a991863-0ea3-405e-b15f-aa787ac51776,2024-07-20T04:19:31.361Z
rangers,9.0,9.0,16.0,17.0,6.0,13.0,3.0,3.0,6.0,5.0,61.0,5a991863-0ea3-405e-b15f-aa787ac51776,2024-07-20T04:19:31.361Z
kibra,10.0,5.0,21.0,15.0,4.0,14.0,3.0,12.0,11.0,8.0,47.0,3c69c35c-fd1e-44a4-9328-cba687a963dd,2024-06-22T14:21:43.135Z
rangers,8.0,15.0,12.0,14.0,5.0,10.0,5.0,4.0,9.0,9.0,58.0,3c69c35c-fd1e-44a4-9328-cba687a963dd,2024-06-22T14:21:43.135Z
deementor,9.0,7.0,21.0,9.0,5.0,22.0,3.0,3.0,7.0,7.0,40.0,d5c31a81-7d89-487d-bc15-40d502a1b0bf,2024-06-02T11:27:24.479Z
junubin,6.0,6.0,17.0,20.0,1.0,16.0,3.0,4.0,6.0,12.0,49.0,d5c31a81-7d89-487d-bc15-40d502a1b0bf,2024-06-02T11:27:24.479Z
e nets,9.0,7.0,38.0,23.0,4.0,15.0,9.0,21.0,19.0,13.0,65.0,b0772e52-7b0a-49fb-932d-d56401d480f5,2024-07-04T16:42:43.873Z
moorewright,7.0,2.0,20.0,15.0,5.0,18.0,4.0,7.0,13.0,15.0,47.0,b0772e52-7b0a-49fb-932d-d56401d480f5,2024-07-04T16:42:43.873Z
e nets,11.0,11.0,38.0,26.0,4.0,15.0,6.0,11.0,5.0,13.0,75.0,50296a3d-afab-4393-af95-2fff66184256,2024-06-02T12:49:28.697Z
rangers,11.0,25.0,24.0,16.0,3.0,14.0,0.0,5.0,6.0,3.0,66.0,50296a3d-afab-4393-af95-2fff66184256,2024-06-02T12:49:28.697Z
rangers,6.0,7.0,25.0,19.0,8.0,16.0,2.0,4.0,23.0,7.0,69.0,c2f605f7-dd28-42e3-860c-24f66f63dde6,2024-05-25T07:23:34.809Z
savio,6.0,7.0,27.0,17.0,3.0,21.0,3.0,13.0,21.0,14.0,50.0,c2f605f7-dd28-42e3-860c-24f66f63dde6,2024-05-25T07:23:34.809Z
clique mambas,7.0,16.0,24.0,13.0,4.0,21.0,3.0,11.0,13.0,20.0,54.0,3f51e606-55ec-4867-b8ed-48dcbec0ad5e,2024-06-02T14:39:27.398Z
phenoms,2.0,5.0,24.0,21.0,5.0,9.0,8.0,5.0,15.0,12.0,62.0,3f51e606-55ec-4867-b8ed-48dcbec0ad5e,2024-06-02T14:39:27.398Z
advance,6.0,1.0,27.0,19.0,3.0,12.0,2.0,6.0,14.0,9.0,48.0,fd033afc-ba99-4d38-b612-c5bc01ae6902,2024-05-25T08:40:09.988Z
deementor,7.0,6.0,26.0,27.0,0.0,8.0,7.0,10.0,19.0,4.0,60.0,fd033afc-ba99-4d38-b612-c5bc01ae6902,2024-05-25T08:40:09.988Z
leos,5.0,4.0,14.0,10.0,2.0,11.0,1.0,7.0,6.0,5.0,30.0,77d0b684-470d-4c69-91c8-53f576400273,2024-05-25T08:41:45.352Z
pride landers,3.0,8.0,11.0,10.0,5.0,13.0,2.0,7.0,9.0,6.0,43.0,77d0b684-470d-4c69-91c8-53f576400273,2024-05-25T08:41:45.352Z
jericho nets,3.0,1.0,22.0,20.0,1.0,11.0,2.0,3.0,7.0,7.0,44.0,ec03d162-48ad-4724-a8f7-fa0904304092,2024-05-25T08:42:42.934Z
junubin,3.0,3.0,12.0,14.0,5.0,17.0,2.0,6.0,11.0,9.0,46.0,ec03d162-48ad-4724-a8f7-fa0904304092,2024-05-25T08:42:42.934Z
rangers,5.0,6.0,17.0,25.0,2.0,11.0,5.0,6.0,9.0,9.0,62.0,108ea8a5-31f9-4ea4-ba9f-df0e622b94f5,2024-06-08T13:51:59.251Z
vikapu,9.0,9.0,20.0,19.0,8.0,17.0,3.0,5.0,9.0,7.0,71.0,108ea8a5-31f9-4ea4-ba9f-df0e622b94f5,2024-06-08T13:51:59.251Z
kibra,9.0,9.0,30.0,21.0,7.0,14.0,4.0,13.0,25.0,19.0,72.0,f42e883d-c2f3-4b3c-88f0-38158e137986,2024-05-25T14:25:44.953Z
twende,8.0,11.0,21.0,18.0,12.0,27.0,2.0,8.0,19.0,8.0,83.0,f42e883d-c2f3-4b3c-88f0-38158e137986,2024-05-25T14:25:44.953Z
pride landers,8.0,11.0,16.0,12.0,9.0,12.0,1.0,3.0,12.0,12.0,62.0,71eff8d4-9e1f-44be-a8be-aebb2a5c51c9,2024-06-09T13:06:21.978Z
rangers,4.0,7.0,21.0,28.0,7.0,15.0,10.0,7.0,10.0,7.0,84.0,71eff8d4-9e1f-44be-a8be-aebb2a5c51c9,2024-06-09T13:06:21.978Z
clique mambas,7.0,16.0,24.0,12.0,6.0,13.0,4.0,2.0,14.0,9.0,58.0,446fcd55-3b76-4f3e-a1a6-b2677c3d5c64,2024-06-15T11:32:30.612Z
fam kenya,10.0,11.0,28.0,24.0,4.0,19.0,6.0,21.0,16.0,7.0,71.0,446fcd55-3b76-4f3e-a1a6-b2677c3d5c64,2024-06-15T11:32:30.612Z
fam kenya,8.0,5.0,10.0,10.0,8.0,20.0,5.0,3.0,13.0,12.0,49.0,df22ee6c-cc1f-421b-a2ec-f4a3d3956d57,2024-08-18T07:11:16.067Z
phenoms,7.0,8.0,24.0,16.0,14.0,26.0,8.0,14.0,9.0,9.0,82.0,df22ee6c-cc1f-421b-a2ec-f4a3d3956d57,2024-08-18T07:11:16.067Z
db nets,5.0,7.0,12.0,9.0,2.0,8.0,4.0,1.0,13.0,7.0,31.0,9a7f26b8-7e53-41ff-9c20-0b85e46624eb,2024-08-21T10:16:24.550Z
vikapu,2.0,3.0,19.0,18.0,4.0,12.0,4.0,12.0,11.0,10.0,51.0,9a7f26b8-7e53-41ff-9c20-0b85e46624eb,2024-08-21T10:16:24.550Z
savio,4.0,2.0,15.0,10.0,4.0,3.0,5.0,4.0,21.0,11.0,34.0,81a046bf-0dd7-4abc-9c7e-d31357738b5d,2024-07-14T11:15:34.278Z
vikapu,4.0,6.0,16.0,20.0,1.0,13.0,2.0,5.0,9.0,6.0,49.0,81a046bf-0dd7-4abc-9c7e-d31357738b5d,2024-07-14T11:15:34.278Z
feba nation,9.0,1.0,18.0,19.0,2.0,12.0,7.0,8.0,23.0,14.0,45.0,c35b5228-ed84-431c-996f-929611db9289,2024-07-13T08:19:05.664Z
phenoms,5.0,13.0,17.0,37.0,9.0,20.0,20.0,10.0,19.0,13.0,114.0,c35b5228-ed84-431c-996f-929611db9289,2024-07-13T08:19:05.664Z
clique mambas,9.0,10.0,22.0,18.0,2.0,14.0,2.0,7.0,21.0,14.0,52.0,185bd9f0-5c8c-4b62-9c11-a571e3341790,2024-06-29T07:02:50.317Z
teffad,10.0,8.0,27.0,14.0,7.0,13.0,6.0,1.0,14.0,5.0,57.0,185bd9f0-5c8c-4b62-9c11-a571e3341790,2024-06-29T07:02:50.317Z
huruma dragons,5.0,8.0,21.0,23.0,10.0,20.0,23.0,9.0,27.0,13.0,84.0,a437534d-292d-4cbf-a013-00b5d4537953,2024-08-18T07:02:42.654Z
jericho nets,2.0,18.0,31.0,20.0,2.0,13.0,9.0,10.0,19.0,8.0,64.0,a437534d-292d-4cbf-a013-00b5d4537953,2024-08-18T07:02:42.654Z
leos,3.0,1.0,31.0,12.0,1.0,16.0,2.0,16.0,13.0,12.0,28.0,a71418c6-b68c-4b1d-992f-71e111329bc5,2024-07-04T16:44:09.481Z
vikapu,6.0,5.0,27.0,30.0,6.0,14.0,11.0,11.0,25.0,7.0,83.0,a71418c6-b68c-4b1d-992f-71e111329bc5,2024-07-04T16:44:09.481Z
rangers,5.0,4.0,20.0,16.0,7.0,11.0,4.0,6.0,13.0,10.0,57.0,1f899047-8416-4e36-b5aa-11748a46bc89,2024-08-03T13:30:41.333Z
twende,3.0,4.0,15.0,16.0,13.0,29.0,11.0,20.0,25.0,13.0,75.0,1f899047-8416-4e36-b5aa-11748a46bc89,2024-08-03T13:30:41.333Z
jericho nets,8.0,10.0,29.0,25.0,5.0,11.0,12.0,10.0,29.0,7.0,75.0,b273dad0-93c8-4dd1-be08-89bf4341a1b8,2024-06-29T07:00:32.586Z
junubin,4.0,6.0,27.0,21.0,6.0,18.0,5.0,14.0,19.0,14.0,66.0,b273dad0-93c8-4dd1-be08-89bf4341a1b8,2024-06-29T07:00:32.586Z
bantu,8.0,8.0,24.0,17.0,5.0,8.0,9.0,5.0,17.0,9.0,57.0,6e56a1cd-0aea-453a-bd3e-0f63a99d1da5,2024-06-30T07:23:37.841Z
leos,2.0,4.0,19.0,13.0,3.0,16.0,1.0,13.0,10.0,9.0,39.0,6e56a1cd-0aea-453a-bd3e-0f63a99d1da5,2024-06-30T07:23:37.841Z
e nets,14.0,11.0,22.0,21.0,3.0,10.0,10.0,14.0,12.0,19.0,62.0,3500f50f-fef2-415c-8fb7-fd91e86419fc,2024-06-30T07:26:57.712Z
savio,13.0,8.0,22.0,16.0,6.0,14.0,7.0,7.0,12.0,14.0,58.0,3500f50f-fef2-415c-8fb7-fd91e86419fc,2024-06-30T07:26:57.712Z
jericho nets,1.0,1.0,15.0,11.0,5.0,8.0,1.0,4.0,11.0,6.0,38.0,a153f181-4536-4535-95f4-98afa859c86d,2024-08-04T14:32:05.656Z
saints,8.0,9.0,21.0,18.0,13.0,20.0,5.0,14.0,5.0,7.0,84.0,a153f181-4536-4535-95f4-98afa859c86d,2024-08-04T14:32:05.656Z
buruburu,11.0,5.0,22.0,11.0,7.0,15.0,4.0,8.0,18.0,12.0,48.0,6c439ffe-c677-454e-bea0-ed085fd84e0e,2024-07-13T08:20:46.019Z
fam kenya,18.0,16.0,19.0,20.0,5.0,17.0,6.0,12.0,18.0,11.0,71.0,6c439ffe-c677-454e-bea0-ed085fd84e0e,2024-07-13T08:20:46.019Z
e nets,4.0,6.0,17.0,25.0,5.0,15.0,9.0,7.0,8.0,5.0,71.0,e3921a47-526c-42c0-b7b4-fcf61860c287,2024-07-14T08:32:53.383Z
pride landers,8.0,12.0,18.0,18.0,2.0,4.0,3.0,6.0,5.0,11.0,54.0,e3921a47-526c-42c0-b7b4-fcf61860c287,2024-07-14T08:32:53.383Z
junubin,0.0,8.0,17.0,17.0,2.0,20.0,2.0,5.0,12.0,15.0,48.0,49f47931-499f-45f2-bdcc-ff0f82513e77,2024-07-13T08:21:20.369Z
teffad,5.0,4.0,21.0,14.0,7.0,16.0,5.0,2.0,7.0,8.0,53.0,49f47931-499f-45f2-bdcc-ff0f82513e77,2024-07-13T08:21:20.369Z
saints,16.0,9.0,18.0,24.0,3.0,12.0,2.0,5.0,9.0,7.0,66.0,13caf5aa-a79a-48b5-9bc9-1ef12c35be05,2024-07-20T04:18:53.347Z
teffad,9.0,10.0,15.0,14.0,8.0,18.0,3.0,2.0,9.0,9.0,62.0,13caf5aa-a79a-48b5-9bc9-1ef12c35be05,2024-07-20T04:18:53.347Z
e nets,8.0,9.0,20.0,23.0,1.0,6.0,5.0,10.0,14.0,6.0,58.0,8bc2c23f-c075-414d-9ee0-7e3532a71d02,2024-07-20T04:20:15.680Z
kibra,13.0,5.0,19.0,14.0,1.0,8.0,2.0,12.0,10.0,9.0,36.0,8bc2c23f-c075-414d-9ee0-7e3532a71d02,2024-07-20T04:20:15.680Z
deementor,14.0,13.0,27.0,20.0,4.0,20.0,5.0,10.0,26.0,10.0,65.0,96d12401-75d8-4b5f-b6c0-632907598ba8,2024-07-21T07:32:20.559Z
huruma dragons,4.0,10.0,32.0,20.0,8.0,18.0,7.0,6.0,30.0,15.0,74.0,96d12401-75d8-4b5f-b6c0-632907598ba8,2024-07-21T07:32:20.559Z
phenoms,5.0,5.0,17.0,23.0,9.0,31.0,12.0,14.0,21.0,14.0,78.0,f0b4521b-924f-4f8f-8548-7695fd8f8cc0,2024-07-21T07:34:57.583Z
teffad,6.0,6.0,24.0,15.0,4.0,18.0,5.0,5.0,21.0,8.0,48.0,f0b4521b-924f-4f8f-8548-7695fd8f8cc0,2024-07-21T07:34:57.583Z
fam kenya,7.0,10.0,22.0,17.0,3.0,16.0,4.0,12.0,26.0,19.0,53.0,a5e8fd73-4b97-4e48-aff4-4514ab91afba,2024-07-21T08:48:57.214Z
saints,13.0,19.0,36.0,12.0,5.0,21.0,7.0,13.0,16.0,16.0,58.0,a5e8fd73-4b97-4e48-aff4-4514ab91afba,2024-07-21T08:48:57.214Z
clique mambas,6.0,15.0,19.0,22.0,4.0,22.0,5.0,17.0,10.0,3.0,71.0,f54421e9-fa59-4713-a8b7-c4a7216d0172,2024-08-04T11:42:26.200Z
huruma dragons,2.0,3.0,11.0,17.0,5.0,12.0,5.0,7.0,12.0,6.0,52.0,f54421e9-fa59-4713-a8b7-c4a7216d0172,2024-08-04T11:42:26.200Z
kibra,4.0,11.0,15.0,22.0,5.0,14.0,6.0,9.0,17.0,11.0,70.0,dae86f56-2986-45d6-bfec-3661b5b25497,2024-08-21T10:28:20.129Z
rangers,9.0,13.0,23.0,22.0,6.0,5.0,10.0,7.0,13.0,12.0,75.0,dae86f56-2986-45d6-bfec-3661b5b25497,2024-08-21T10:28:20.129Z
feba nation,9.0,6.0,27.0,22.0,1.0,14.0,11.0,9.0,20.0,12.0,53.0,5b064421-292f-409e-babd-df7e9ff967fc,2024-07-28T06:25:04.270Z
junubin,13.0,8.0,32.0,19.0,1.0,10.0,5.0,12.0,15.0,14.0,49.0,5b064421-292f-409e-babd-df7e9ff967fc,2024-07-28T06:25:04.270Z
fam kenya,11.0,5.0,27.0,16.0,7.0,16.0,4.0,19.0,19.0,9.0,58.0,a5b26c87-7b42-401f-8b6f-0f755b9a387f,2024-08-04T13:03:18.737Z
junubin,14.0,7.0,33.0,17.0,0.0,11.0,3.0,14.0,10.0,12.0,41.0,a5b26c87-7b42-401f-8b6f-0f755b9a387f,2024-08-04T13:03:18.737Z
jericho nets,1.0,2.0,23.0,27.0,3.0,16.0,8.0,10.0,19.0,19.0,65.0,677cb5e7-eda3-4d11-aa77-8f99b1379d7b,2024-07-27T06:47:48.567Z
phenoms,8.0,8.0,23.0,51.0,6.0,24.0,18.0,16.0,24.0,17.0,128.0,677cb5e7-eda3-4d11-aa77-8f99b1379d7b,2024-07-27T06:47:48.567Z
kibra,12.0,6.0,26.0,23.0,9.0,20.0,11.0,11.0,17.0,9.0,79.0,d396a5c2-6389-4b6f-bbc3-47105dcad164,2024-07-28T06:25:48.907Z
leos,4.0,6.0,36.0,15.0,3.0,8.0,3.0,7.0,13.0,10.0,45.0,d396a5c2-6389-4b6f-bbc3-47105dcad164,2024-07-28T06:25:48.907Z
huruma dragons,11.0,10.0,22.0,14.0,5.0,18.0,9.0,7.0,18.0,8.0,53.0,97e358b8-754f-42a7-8d54-242eb38731fb,2024-07-27T06:48:48.694Z
junubin,15.0,9.0,35.0,16.0,3.0,20.0,6.0,18.0,16.0,11.0,50.0,97e358b8-754f-42a7-8d54-242eb38731fb,2024-07-27T06:48:48.694Z
kwetu,8.0,4.0,21.0,19.0,5.0,14.0,11.0,11.0,30.0,11.0,57.0,f2f20e49-1f88-43c3-be2c-d387baa55a4a,2024-08-03T10:38:26.903Z
leos,3.0,3.0,30.0,15.0,1.0,12.0,3.0,6.0,23.0,13.0,36.0,f2f20e49-1f88-43c3-be2c-d387baa55a4a,2024-08-03T10:38:26.903Z
leos,2.0,3.0,29.0,9.0,5.0,21.0,3.0,18.0,15.0,12.0,36.0,ddbaa6de-ab64-4349-a5d5-f9327217f717,2024-07-27T10:31:54.670Z
pride landers,10.0,8.0,30.0,18.0,1.0,11.0,5.0,8.0,17.0,12.0,47.0,ddbaa6de-ab64-4349-a5d5-f9327217f717,2024-07-27T10:31:54.670Z
kwetu,3.0,4.0,24.0,14.0,9.0,13.0,8.0,11.0,17.0,8.0,59.0,ad9274de-4fbf-411a-9060-4b61e1539b8c,2024-07-28T06:30:32.549Z
rangers,15.0,14.0,21.0,18.0,5.0,15.0,12.0,9.0,17.0,5.0,65.0,ad9274de-4fbf-411a-9060-4b61e1539b8c,2024-07-28T06:30:32.549Z
clique mambas,3.0,10.0,39.0,14.0,10.0,12.0,9.0,10.0,17.0,12.0,68.0,c7839093-30f9-4b44-b52e-224b971ac8d4,2024-07-27T06:50:49.821Z
deementor,3.0,5.0,20.0,33.0,4.0,20.0,4.0,9.0,16.0,9.0,83.0,c7839093-30f9-4b44-b52e-224b971ac8d4,2024-07-27T06:50:49.821Z
e nets,10.0,6.0,20.0,21.0,3.0,12.0,8.0,10.0,25.0,21.0,57.0,059b0aa6-4f69-4fe6-8af2-a1e300ceaa0c,2024-07-28T06:27:25.590Z
twende,2.0,1.0,21.0,27.0,3.0,25.0,10.0,14.0,18.0,19.0,64.0,059b0aa6-4f69-4fe6-8af2-a1e300ceaa0c,2024-07-28T06:27:25.590Z
moorewright,7.0,12.0,21.0,21.0,6.0,10.0,9.0,6.0,18.0,7.0,72.0,195c2861-80ef-4d7d-b8a8-3e08d8212fb3,2024-07-28T06:23:07.719Z
savio,6.0,4.0,17.0,25.0,7.0,13.0,12.0,8.0,14.0,8.0,75.0,195c2861-80ef-4d7d-b8a8-3e08d8212fb3,2024-07-28T06:23:07.719Z
pride landers,18.0,19.0,28.0,20.0,1.0,8.0,7.0,2.0,14.0,10.0,62.0,f60b7b2f-455a-4e62-a3ca-fd4f3b1f166e,2024-07-28T06:24:08.409Z
vikapu,12.0,12.0,37.0,18.0,7.0,21.0,7.0,25.0,23.0,16.0,69.0,f60b7b2f-455a-4e62-a3ca-fd4f3b1f166e,2024-07-28T06:24:08.409Z
buruburu,5.0,8.0,21.0,10.0,2.0,19.0,2.0,11.0,13.0,13.0,34.0,6f9c5790-2ce2-4069-8d34-f1576bef53fa,2024-08-04T07:11:33.317Z
phenoms,2.0,5.0,12.0,30.0,0.0,14.0,13.0,11.0,26.0,16.0,65.0,6f9c5790-2ce2-4069-8d34-f1576bef53fa,2024-08-04T07:11:33.317Z
leos,14.0,5.0,24.0,21.0,4.0,17.0,3.0,8.0,17.0,8.0,59.0,51451c96-57ad-4bd8-a6c1-4bfcd9339c78,2024-09-08T05:34:54.463Z
moorewright,6.0,12.0,23.0,16.0,4.0,10.0,5.0,12.0,31.0,16.0,56.0,51451c96-57ad-4bd8-a6c1-4bfcd9339c78,2024-09-08T05:34:54.463Z
advance,2.0,9.0,29.0,9.0,5.0,16.0,2.0,9.0,20.0,11.0,42.0,6da04190-cc8d-4af2-9527-f83474afb493,2024-08-04T08:34:14.596Z
teffad,3.0,14.0,23.0,14.0,5.0,16.0,4.0,14.0,30.0,11.0,57.0,6da04190-cc8d-4af2-9527-f83474afb493,2024-08-04T08:34:14.596Z
rangers,17.0,15.0,28.0,18.0,7.0,20.0,6.0,9.0,21.0,8.0,72.0,cf55f22e-2869-484f-ab76-a24b29d959fb,2024-09-08T05:38:02.159Z
savio,12.0,13.0,34.0,23.0,3.0,25.0,5.0,15.0,30.0,15.0,68.0,cf55f22e-2869-484f-ab76-a24b29d959fb,2024-09-08T05:38:02.159Z
deementor,12.0,12.0,22.0,14.0,6.0,11.0,3.0,8.0,5.0,16.0,58.0,e8b661f0-2acf-4aef-b089-34c0b77027de,2024-08-04T09:55:38.570Z
feba nation,6.0,6.0,25.0,16.0,11.0,14.0,4.0,12.0,12.0,20.0,71.0,e8b661f0-2acf-4aef-b089-34c0b77027de,2024-08-04T09:55:38.570Z
advance,14.0,20.0,31.0,22.0,7.0,13.0,5.0,14.0,8.0,15.0,85.0,868caf97-b81f-4b57-8a54-7dfb8de09df1,2024-08-18T07:04:08.756Z
buruburu,5.0,18.0,14.0,34.0,6.0,15.0,9.0,9.0,23.0,10.0,104.0,868caf97-b81f-4b57-8a54-7dfb8de09df1,2024-08-18T07:04:08.756Z
advance,1.0,6.0,12.0,22.0,4.0,12.0,10.0,5.0,17.0,14.0,62.0,5fa07b02-c300-4977-8577-77d727b0c2df,2024-09-08T05:32:23.644Z
phenoms,5.0,11.0,20.0,30.0,7.0,27.0,13.0,18.0,13.0,5.0,92.0,5fa07b02-c300-4977-8577-77d727b0c2df,2024-09-08T05:32:23.644Z
kibra,10.0,2.0,31.0,18.0,2.0,15.0,2.0,10.0,24.0,16.0,44.0,9469d0d4-134b-4f60-850e-5b211846a2db,2024-09-08T05:41:32.702Z
twende,7.0,11.0,29.0,15.0,4.0,27.0,5.0,19.0,26.0,17.0,53.0,9469d0d4-134b-4f60-850e-5b211846a2db,2024-09-08T05:41:32.702Z
buruburu,11.0,5.0,26.0,26.0,1.0,14.0,2.0,9.0,18.0,8.0,60.0,e0e2fa66-a3ac-4057-8767-05c85acc82b1,2024-09-14T06:33:18.280Z
clique mambas,16.0,15.0,22.0,21.0,2.0,10.0,3.0,12.0,30.0,15.0,63.0,e0e2fa66-a3ac-4057-8767-05c85acc82b1,2024-09-14T06:33:18.280Z
jericho nets,1.0,3.0,27.0,16.0,9.0,18.0,4.0,5.0,27.0,9.0,62.0,aeb81132-90d7-4ed2-b477-824efa6ea4a8,2024-09-07T06:18:39.092Z
teffad,5.0,3.0,15.0,21.0,8.0,20.0,6.0,6.0,21.0,15.0,69.0,aeb81132-90d7-4ed2-b477-824efa6ea4a8,2024-09-07T06:18:39.092Z
advance,11.0,17.0,21.0,23.0,0.0,6.0,5.0,8.0,16.0,13.0,63.0,fb44c23d-64b4-4cbc-b166-5c0a56b6046c,2024-08-10T05:18:00.071Z
saints,8.0,20.0,20.0,24.0,7.0,19.0,3.0,15.0,11.0,11.0,89.0,fb44c23d-64b4-4cbc-b166-5c0a56b6046c,2024-08-10T05:18:00.071Z
fam kenya,9.0,16.0,26.0,19.0,8.0,12.0,5.0,8.0,21.0,8.0,78.0,6a60891e-9cd9-47be-bebd-99aeabaaefb6,2024-08-10T05:16:57.247Z
jericho nets,2.0,4.0,19.0,23.0,8.0,16.0,6.0,8.0,19.0,5.0,74.0,6a60891e-9cd9-47be-bebd-99aeabaaefb6,2024-08-10T05:16:57.247Z
buruburu,8.0,9.0,20.0,12.0,7.0,11.0,3.0,5.0,11.0,8.0,54.0,cc1b6a95-0f9d-4ee0-9edd-5c4bb7a5f9a8,2024-08-10T05:18:56.406Z
huruma dragons,8.0,22.0,24.0,12.0,4.0,17.0,4.0,10.0,13.0,9.0,58.0,cc1b6a95-0f9d-4ee0-9edd-5c4bb7a5f9a8,2024-08-10T05:18:56.406Z
clique mambas,6.0,11.0,9.0,18.0,6.0,6.0,3.0,5.0,15.0,9.0,65.0,d1072de0-ca5a-4e68-942e-326503db77c1,2024-08-10T05:20:55.327Z
junubin,3.0,5.0,10.0,13.0,1.0,9.0,2.0,3.0,11.0,7.0,34.0,d1072de0-ca5a-4e68-942e-326503db77c1,2024-08-10T05:20:55.327Z
feba nation,3.0,7.0,21.0,10.0,5.0,16.0,1.0,11.0,14.0,5.0,42.0,1a72c5a3-25e5-407d-a732-ddf85b619f21,2024-08-10T05:19:59.044Z
teffad,5.0,4.0,11.0,20.0,6.0,18.0,3.0,3.0,12.0,7.0,62.0,1a72c5a3-25e5-407d-a732-ddf85b619f21,2024-08-10T05:19:59.044Z
deementor,3.0,15.0,16.0,19.0,4.0,18.0,2.0,4.0,11.0,7.0,65.0,cbfc5db2-3f5f-4a36-b4ba-440bb94226e3,2024-08-10T05:21:53.792Z
phenoms,2.0,10.0,14.0,16.0,9.0,12.0,4.0,4.0,12.0,5.0,69.0,cbfc5db2-3f5f-4a36-b4ba-440bb94226e3,2024-08-10T05:21:53.792Z
savio,7.0,3.0,22.0,15.0,1.0,10.0,4.0,7.0,10.0,12.0,36.0,0f4f8b30-62a4-4c08-babe-1cf3927b51e0,2024-09-22T07:35:29.323Z
twende,6.0,16.0,18.0,17.0,2.0,18.0,8.0,10.0,17.0,19.0,56.0,0f4f8b30-62a4-4c08-babe-1cf3927b51e0,2024-09-22T07:35:29.323Z
huruma dragons,4.0,13.0,21.0,26.0,3.0,14.0,7.0,4.0,10.0,12.0,74.0,575781e1-7b77-4caf-ab53-7dda45e3ad2d,2024-09-08T05:35:51.559Z
teffad,3.0,8.0,27.0,26.0,5.0,20.0,7.0,5.0,7.0,3.0,75.0,575781e1-7b77-4caf-ab53-7dda45e3ad2d,2024-09-08T05:35:51.559Z
clique mambas,7.0,11.0,30.0,16.0,5.0,16.0,8.0,12.0,28.0,15.0,58.0,068bc7f2-eade-4c9e-9ff8-6f65e99fe083,2024-09-22T07:36:59.146Z
fam kenya,8.0,9.0,30.0,14.0,5.0,15.0,5.0,12.0,19.0,12.0,52.0,068bc7f2-eade-4c9e-9ff8-6f65e99fe083,2024-09-22T07:36:59.146Z
feba nation,10.0,9.0,22.0,15.0,9.0,10.0,10.0,2.0,10.0,10.0,66.0,cdac9b93-a49a-4582-a070-0f2613a7876e,2024-09-08T05:37:06.449Z
saints,14.0,17.0,29.0,22.0,2.0,11.0,5.0,10.0,9.0,9.0,67.0,cdac9b93-a49a-4582-a070-0f2613a7876e,2024-09-08T05:37:06.449Z
buruburu,6.0,9.0,30.0,27.0,2.0,20.0,9.0,9.0,26.0,13.0,69.0,df2dca2d-d4e7-4cae-b5ec-e5e069936c0a,2024-10-12T05:15:36.720Z
twende,2.0,8.0,21.0,25.0,13.0,34.0,18.0,17.0,34.0,12.0,97.0,df2dca2d-d4e7-4cae-b5ec-e5e069936c0a,2024-10-12T05:15:36.720Z
clique mambas,7.0,11.0,18.0,23.0,6.0,13.0,7.0,6.0,8.0,12.0,75.0,08dd5c3c-b427-4d5a-905c-bd4e89dca5f3,2024-10-12T05:17:37.418Z
phenoms,15.0,17.0,18.0,29.0,3.0,11.0,5.0,9.0,22.0,17.0,84.0,08dd5c3c-b427-4d5a-905c-bd4e89dca5f3,2024-10-12T05:17:37.418Z
deementor,6.0,0.0,24.0,25.0,1.0,22.0,6.0,10.0,19.0,11.0,53.0,83aa5852-f787-427d-93b7-2cf9660281ed,2024-09-27T18:18:15.906Z
twende,0.0,2.0,13.0,23.0,9.0,28.0,11.0,10.0,35.0,16.0,75.0,83aa5852-f787-427d-93b7-2cf9660281ed,2024-09-27T18:18:15.906Z
kwetu,5.0,5.0,15.0,15.0,6.0,24.0,4.0,5.0,21.0,13.0,53.0,dbd7189b-ad65-481b-a151-d367b5ff44d3,2024-09-15T10:15:23.278Z
twende,4.0,4.0,17.0,17.0,9.0,23.0,12.0,6.0,26.0,9.0,65.0,dbd7189b-ad65-481b-a151-d367b5ff44d3,2024-09-15T10:15:23.278Z
leos,3.0,2.0,18.0,22.0,3.0,5.0,1.0,9.0,21.0,14.0,55.0,267f000d-535b-473c-8d8c-2f8a9949d9e4,2024-09-07T06:17:42.031Z
rangers,8.0,20.0,23.0,33.0,5.0,12.0,15.0,17.0,25.0,12.0,101.0,267f000d-535b-473c-8d8c-2f8a9949d9e4,2024-09-07T06:17:42.031Z
moorewright,9.0,5.0,19.0,19.0,1.0,4.0,5.0,2.0,15.0,15.0,46.0,20ee00d5-5114-4a82-8c91-c7b193ef54db,2024-09-07T06:21:35.674Z
vikapu,5.0,5.0,27.0,25.0,7.0,17.0,10.0,6.0,13.0,12.0,76.0,20ee00d5-5114-4a82-8c91-c7b193ef54db,2024-09-07T06:21:35.674Z
bantu,12.0,11.0,28.0,20.0,4.0,13.0,4.0,13.0,22.0,15.0,63.0,321c1237-17c0-45bb-8807-f39b5f83a34d,2024-09-08T05:33:19.974Z
e nets,3.0,16.0,31.0,28.0,6.0,17.0,9.0,12.0,25.0,9.0,90.0,321c1237-17c0-45bb-8807-f39b5f83a34d,2024-09-08T05:33:19.974Z
bantu,2.0,1.0,22.0,26.0,3.0,9.0,8.0,3.0,18.0,10.0,62.0,5f25cd89-4ec1-4989-8b75-eb1de6761d21,2024-09-07T06:16:22.885Z
twende,3.0,4.0,21.0,32.0,4.0,17.0,17.0,9.0,18.0,9.0,80.0,5f25cd89-4ec1-4989-8b75-eb1de6761d21,2024-09-07T06:16:22.885Z
bantu,3.0,3.0,23.0,17.0,3.0,15.0,5.0,8.0,4.0,14.0,46.0,9eeae1ff-b277-40e8-bc4d-a0d2cea1e0e3,2024-09-29T05:53:10.172Z
phenoms,11.0,10.0,17.0,28.0,15.0,19.0,26.0,8.0,11.0,12.0,111.0,9eeae1ff-b277-40e8-bc4d-a0d2cea1e0e3,2024-09-29T05:53:10.172Z
clique mambas,13.0,16.0,25.0,23.0,2.0,14.0,8.0,10.0,18.0,13.0,68.0,dc0bf732-b4db-4c3c-9bd2-696f9142313b,2024-09-21T09:23:49.878Z
saints,12.0,7.0,32.0,19.0,7.0,10.0,6.0,15.0,16.0,5.0,66.0,dc0bf732-b4db-4c3c-9bd2-696f9142313b,2024-09-21T09:23:49.878Z
buruburu,10.0,10.0,39.0,22.0,8.0,18.0,6.0,16.0,21.0,10.0,78.0,41914d74-dfae-4d8b-b189-0a336cdc4563,2024-09-29T07:32:06.648Z
rangers,9.0,9.0,22.0,21.0,6.0,19.0,10.0,9.0,27.0,20.0,69.0,41914d74-dfae-4d8b-b189-0a336cdc4563,2024-09-29T07:32:06.648Z
buruburu,6.0,3.0,17.0,23.0,8.0,26.0,10.0,10.0,22.0,12.0,73.0,951f160c-1117-4d1a-a7bd-3738ced961a9,2024-09-08T05:34:09.280Z
jericho nets,3.0,3.0,26.0,24.0,4.0,19.0,11.0,9.0,13.0,13.0,63.0,951f160c-1117-4d1a-a7bd-3738ced961a9,2024-09-08T05:34:09.280Z
deementor,3.0,9.0,21.0,15.0,4.0,15.0,4.0,3.0,4.0,7.0,51.0,61fad276-f313-4e06-85a5-f190f9737a73,2024-09-08T05:39:06.001Z
junubin,4.0,7.0,13.0,20.0,4.0,8.0,2.0,3.0,4.0,13.0,59.0,61fad276-f313-4e06-85a5-f190f9737a73,2024-09-08T05:39:06.001Z
junubin,4.0,9.0,11.0,7.0,3.0,12.0,5.0,9.0,9.0,14.0,32.0,8d84a4db-c06a-41d4-90d9-790f3884e287,2024-08-18T07:07:43.205Z
saints,0.0,0.0,8.0,9.0,10.0,10.0,2.0,3.0,15.0,15.0,48.0,8d84a4db-c06a-41d4-90d9-790f3884e287,2024-08-18T07:07:43.205Z
bantu,3.0,16.0,28.0,19.0,8.0,15.0,8.0,12.0,29.0,10.0,78.0,f54e974e-d9e1-4c3b-aba2-9b2ff6a0c19b,2024-10-04T20:12:36.692Z
phenoms,9.0,11.0,22.0,32.0,5.0,16.0,12.0,8.0,26.0,13.0,90.0,f54e974e-d9e1-4c3b-aba2-9b2ff6a0c19b,2024-10-04T20:12:36.692Z
db nets,7.0,9.0,20.0,15.0,5.0,18.0,2.0,12.0,21.0,9.0,54.0,c8a6e7b2-5d42-4969-9269-29f7c737b089,2024-09-14T06:29:49.999Z
leos,1.0,6.0,34.0,15.0,3.0,15.0,6.0,15.0,19.0,10.0,45.0,c8a6e7b2-5d42-4969-9269-29f7c737b089,2024-09-14T06:29:49.999Z
advance,9.0,10.0,22.0,24.0,7.0,8.0,8.0,11.0,11.0,5.0,79.0,022c5ea0-024b-4db1-afec-a3f2ab2951e0,2024-09-14T06:31:29.149Z
jericho nets,4.0,4.0,11.0,16.0,9.0,16.0,8.0,9.0,16.0,4.0,63.0,022c5ea0-024b-4db1-afec-a3f2ab2951e0,2024-09-14T06:31:29.149Z
advance,3.0,12.0,12.0,15.0,8.0,6.0,6.0,7.0,18.0,6.0,66.0,23bb2415-d985-4fff-9b45-4fa30cd865f9,2024-09-15T08:16:54.482Z
clique mambas,3.0,12.0,10.0,24.0,5.0,12.0,9.0,11.0,21.0,10.0,75.0,23bb2415-d985-4fff-9b45-4fa30cd865f9,2024-09-15T08:16:54.482Z
advance,10.0,11.0,25.0,13.0,3.0,21.0,4.0,15.0,11.0,11.0,46.0,2eb8569d-fd23-49fa-834f-a2dd37ff95b4,2024-09-07T06:15:38.728Z
junubin,3.0,8.0,20.0,24.0,1.0,9.0,5.0,12.0,25.0,21.0,59.0,2eb8569d-fd23-49fa-834f-a2dd37ff95b4,2024-09-07T06:15:38.728Z
kibra,7.0,3.0,15.0,25.0,10.0,13.0,15.0,7.0,19.0,8.0,83.0,c83a0c26-8950-4d83-9a6b-e2799033f5c4,2024-09-07T06:19:36.150Z
pride landers,3.0,2.0,15.0,23.0,3.0,9.0,6.0,6.0,17.0,11.0,57.0,c83a0c26-8950-4d83-9a6b-e2799033f5c4,2024-09-07T06:19:36.150Z
phenoms,8.0,8.0,15.0,16.0,10.0,15.0,2.0,7.0,21.0,10.0,70.0,39bf1a50-0523-4810-b2ce-f5b63e599fab,2024-09-07T06:25:00.585Z
saints,5.0,2.0,24.0,14.0,9.0,17.0,3.0,12.0,14.0,10.0,57.0,39bf1a50-0523-4810-b2ce-f5b63e599fab,2024-09-07T06:25:00.585Z
e nets,6.0,18.0,31.0,17.0,5.0,13.0,3.0,9.0,20.0,11.0,67.0,779a09f2-bc90-4435-9889-0e520c0c007c,2024-09-07T06:23:13.898Z
kwetu,6.0,17.0,20.0,22.0,4.0,12.0,4.0,4.0,25.0,8.0,73.0,779a09f2-bc90-4435-9889-0e520c0c007c,2024-09-07T06:23:13.898Z
db nets,8.0,5.0,17.0,15.0,8.0,20.0,6.0,8.0,14.0,13.0,59.0,853ca60e-e178-4ca7-8c9b-2a21c86a9836,2024-09-21T08:36:41.226Z
twende,2.0,2.0,20.0,23.0,13.0,22.0,19.0,19.0,22.0,14.0,87.0,853ca60e-e178-4ca7-8c9b-2a21c86a9836,2024-09-21T08:36:41.226Z
e nets,5.0,12.0,23.0,17.0,4.0,12.0,6.0,7.0,19.0,14.0,58.0,1f1ae8b6-6297-4ed7-87b3-097f07a838ab,2024-10-13T06:17:24.812Z
vikapu,8.0,11.0,17.0,26.0,7.0,12.0,12.0,9.0,26.0,20.0,84.0,1f1ae8b6-6297-4ed7-87b3-097f07a838ab,2024-10-13T06:17:24.812Z
e nets,8.0,6.0,42.0,25.0,2.0,11.0,11.0,25.0,16.0,10.0,62.0,b92447a1-e4cf-4587-953f-0b7e24fcf3cc,2024-10-04T20:15:51.596Z
teffad,8.0,11.0,31.0,14.0,5.0,9.0,4.0,2.0,18.0,11.0,54.0,b92447a1-e4cf-4587-953f-0b7e24fcf3cc,2024-10-04T20:15:51.596Z
db nets,8.0,12.0,17.0,15.0,7.0,16.0,5.0,4.0,14.0,11.0,63.0,5b24f9bd-706e-4ef2-8d9f-4d74bd05ca24,2024-08-11T08:00:55.427Z
kibra,7.0,8.0,17.0,21.0,6.0,13.0,5.0,9.0,14.0,8.0,68.0,5b24f9bd-706e-4ef2-8d9f-4d74bd05ca24,2024-08-11T08:00:55.427Z
deementor,10.0,13.0,34.0,18.0,1.0,14.0,5.0,9.0,24.0,3.0,52.0,fae01f75-8ce5-4009-8c6b-1416e2685540,2024-09-14T06:30:32.191Z
saints,3.0,3.0,18.0,17.0,6.0,25.0,6.0,14.0,25.0,9.0,55.0,fae01f75-8ce5-4009-8c6b-1416e2685540,2024-09-14T06:30:32.191Z
kwetu,5.0,9.0,27.0,15.0,4.0,13.0,6.0,10.0,20.0,14.0,51.0,76d26447-ae40-4693-a203-53654428f532,2024-08-11T08:02:26.616Z
savio,0.0,8.0,22.0,18.0,3.0,16.0,6.0,11.0,15.0,5.0,53.0,76d26447-ae40-4693-a203-53654428f532,2024-08-11T08:02:26.616Z
moorewright,10.0,16.0,14.0,9.0,9.0,20.0,9.0,8.0,20.0,10.0,61.0,50a63562-61c0-45fb-87f3-3925c9451d08,2024-08-11T07:18:33.861Z
pride landers,6.0,15.0,25.0,21.0,5.0,11.0,10.0,15.0,22.0,9.0,72.0,50a63562-61c0-45fb-87f3-3925c9451d08,2024-08-11T07:18:33.861Z
bantu,11.0,20.0,18.0,20.0,8.0,16.0,7.0,8.0,16.0,12.0,84.0,e30abb36-286e-41e9-94c7-4da145ce7abd,2024-08-11T07:58:13.956Z
rangers,12.0,22.0,17.0,29.0,7.0,9.0,11.0,9.0,22.0,12.0,101.0,e30abb36-286e-41e9-94c7-4da145ce7abd,2024-08-11T07:58:13.956Z
deementor,6.0,9.0,23.0,8.0,3.0,18.0,0.0,3.0,23.0,13.0,34.0,fe70288e-7af0-472d-9a9e-4fce478a50d3,2024-09-29T07:33:14.172Z
twende,2.0,9.0,21.0,33.0,4.0,20.0,14.0,13.0,33.0,8.0,87.0,fe70288e-7af0-472d-9a9e-4fce478a50d3,2024-09-29T07:33:14.172Z
feba nation,8.0,8.0,26.0,6.0,10.0,15.0,1.0,4.0,17.0,12.0,50.0,0fadef1f-eb3f-4117-b9c1-16e674b77e09,2024-09-14T06:36:54.168Z
huruma dragons,3.0,8.0,32.0,18.0,3.0,13.0,2.0,8.0,22.0,4.0,53.0,0fadef1f-eb3f-4117-b9c1-16e674b77e09,2024-09-14T06:36:54.168Z
twende,5.0,21.0,16.0,24.0,6.0,26.0,9.0,9.0,24.0,19.0,87.0,7d0c573c-ec77-4aa1-b9cd-6627bdc0bfb9,2024-08-11T08:03:14.332Z
vikapu,10.0,13.0,22.0,20.0,1.0,16.0,4.0,12.0,24.0,17.0,56.0,7d0c573c-ec77-4aa1-b9cd-6627bdc0bfb9,2024-08-11T08:03:14.332Z
fam kenya,13.0,16.0,34.0,12.0,7.0,15.0,4.0,17.0,27.0,19.0,61.0,8b5abbad-45c0-47ef-b743-3d65fb7e07c9,2024-10-13T06:18:03.211Z
kibra,7.0,15.0,35.0,22.0,1.0,15.0,3.0,13.0,20.0,19.0,62.0,8b5abbad-45c0-47ef-b743-3d65fb7e07c9,2024-10-13T06:18:03.211Z
huruma dragons,7.0,8.0,22.0,16.0,7.0,9.0,1.0,4.0,20.0,15.0,61.0,6d67fa49-e31b-4d44-8476-6c4de8dd2619,2024-09-29T07:34:07.395Z
vikapu,7.0,6.0,18.0,23.0,9.0,17.0,11.0,7.0,18.0,9.0,79.0,6d67fa49-e31b-4d44-8476-6c4de8dd2619,2024-09-29T07:34:07.395Z
db nets,0.0,0.0,0.0,1.0,0.0,0.0,0.0,0.0,0.0,0.0,2.0,7bcf5487-e3f2-4207-8749-8899f000d694,2024-09-15T08:14:37.211Z
moorewright,0.0,1.0,0.0,0.0,0.0,0.0,0.0,0.0,0.0,0.0,1.0,7bcf5487-e3f2-4207-8749-8899f000d694,2024-09-15T08:14:37.211Z
savio,6.0,6.0,9.0,19.0,3.0,15.0,2.0,4.0,12.0,4.0,53.0,51cbb13e-0d7a-4709-aae5-ae47c9ed0089,2024-09-21T09:24:57.517Z
vikapu,10.0,10.0,18.0,13.0,4.0,21.0,2.0,15.0,9.0,6.0,48.0,51cbb13e-0d7a-4709-aae5-ae47c9ed0089,2024-09-21T09:24:57.517Z
deementor,6.0,10.0,28.0,24.0,6.0,14.0,6.0,5.0,15.0,6.0,76.0,8cf43610-f48d-4b99-99b6-22f670fab002,2024-08-18T07:10:24.519Z
teffad,1.0,9.0,23.0,19.0,9.0,18.0,1.0,14.0,19.0,6.0,74.0,8cf43610-f48d-4b99-99b6-22f670fab002,2024-08-18T07:10:24.519Z
bantu,4.0,4.0,25.0,13.0,8.0,24.0,5.0,11.0,11.0,11.0,54.0,30b8619b-f7cd-4457-97a3-d92093174025,2024-09-14T06:29:05.168Z
kwetu,5.0,9.0,25.0,19.0,5.0,17.0,12.0,6.0,19.0,7.0,62.0,30b8619b-f7cd-4457-97a3-d92093174025,2024-09-14T06:29:05.168Z
kibra,13.0,15.0,30.0,18.0,5.0,13.0,4.0,4.0,8.0,6.0,66.0,f430f1c8-df5d-4fd1-8e31-43c61403c4a7,2024-09-29T05:54:43.880Z
saints,10.0,19.0,24.0,15.0,4.0,17.0,5.0,5.0,14.0,6.0,61.0,f430f1c8-df5d-4fd1-8e31-43c61403c4a7,2024-09-29T05:54:43.880Z
pride landers,2.0,2.0,31.0,22.0,3.0,14.0,9.0,10.0,33.0,17.0,55.0,51acc49f-ef7d-4711-98ee-30963f1c592c,2024-09-14T06:32:22.989Z
twende,5.0,7.0,22.0,26.0,7.0,36.0,13.0,13.0,23.0,13.0,80.0,51acc49f-ef7d-4711-98ee-30963f1c592c,2024-09-14T06:32:22.989Z
clique mambas,3.0,9.0,27.0,21.0,9.0,15.0,11.0,7.0,19.0,12.0,78.0,b7bafd2c-6582-4f81-97d2-703fe097ccf6,2024-10-04T20:14:20.240Z
kwetu,3.0,10.0,18.0,27.0,2.0,14.0,11.0,3.0,25.0,12.0,70.0,b7bafd2c-6582-4f81-97d2-703fe097ccf6,2024-10-04T20:14:20.240Z
kibra,8.0,8.0,25.0,21.0,3.0,22.0,6.0,10.0,24.0,12.0,59.0,fe032580-c5e0-49ce-a424-3df6a56235b2,2024-09-14T06:34:10.919Z
moorewright,2.0,2.0,29.0,16.0,7.0,22.0,6.0,10.0,20.0,16.0,55.0,fe032580-c5e0-49ce-a424-3df6a56235b2,2024-09-14T06:34:10.919Z
buruburu,8.0,13.0,31.0,25.0,6.0,20.0,2.0,21.0,21.0,6.0,81.0,282bb3bb-e7f8-42f5-87ef-80ac7364e3fb,2024-10-04T20:16:41.234Z
rangers,14.0,16.0,29.0,26.0,6.0,9.0,6.0,5.0,21.0,4.0,86.0,282bb3bb-e7f8-42f5-87ef-80ac7364e3fb,2024-10-04T20:16:41.234Z
e nets,6.0,6.0,24.0,15.0,5.0,20.0,9.0,12.0,26.0,17.0,51.0,fc52e64b-a314-45b7-abd7-7fe0cae4cb8e,2024-09-14T06:36:05.809Z
rangers,4.0,12.0,18.0,16.0,5.0,16.0,6.0,3.0,20.0,7.0,59.0,fc52e64b-a314-45b7-abd7-7fe0cae4cb8e,2024-09-14T06:36:05.809Z
advance,5.0,3.0,38.0,19.0,2.0,20.0,8.0,14.0,20.0,9.0,47.0,7e0290fa-f166-4516-84cf-34b1239d213d,2024-08-21T09:27:22.730Z
fam kenya,4.0,8.0,14.0,20.0,10.0,18.0,16.0,5.0,32.0,4.0,78.0,7e0290fa-f166-4516-84cf-34b1239d213d,2024-08-21T09:27:22.730Z
deementor,2.0,5.0,18.0,14.0,7.0,22.0,2.0,6.0,14.0,5.0,54.0,9bedbcb8-b855-4b7a-be40-4ea87e9107eb,2024-09-21T09:26:09.954Z
fam kenya,7.0,12.0,23.0,26.0,1.0,10.0,3.0,13.0,26.0,11.0,67.0,9bedbcb8-b855-4b7a-be40-4ea87e9107eb,2024-09-21T09:26:09.954Z
huruma dragons,5.0,1.0,28.0,11.0,4.0,4.0,5.0,3.0,7.0,8.0,35.0,d6d2d332-9087-4ae5-ae1a-b4e5e7a9f7a5,2024-09-27T18:18:51.554Z
vikapu,6.0,4.0,17.0,28.0,5.0,8.0,14.0,10.0,13.0,8.0,75.0,d6d2d332-9087-4ae5-ae1a-b4e5e7a9f7a5,2024-09-27T18:18:51.554Z
junubin,5.0,7.0,15.0,18.0,3.0,11.0,1.0,9.0,11.0,5.0,52.0,8dc5d883-3056-4afb-95f4-a24fec97a661,2024-09-14T06:35:24.280Z
phenoms,4.0,5.0,9.0,20.0,12.0,11.0,7.0,9.0,17.0,14.0,81.0,8dc5d883-3056-4afb-95f4-a24fec97a661,2024-09-14T06:35:24.280Z
huruma dragons,7.0,17.0,29.0,15.0,6.0,17.0,3.0,5.0,24.0,17.0,65.0,4f509e1d-1c99-479a-a0fc-7b6b456a1564,2024-10-04T20:13:25.032Z
vikapu,10.0,7.0,23.0,28.0,5.0,15.0,14.0,11.0,17.0,13.0,78.0,4f509e1d-1c99-479a-a0fc-7b6b456a1564,2024-10-04T20:13:25.032Z
rangers,7.0,9.0,17.0,11.0,3.0,13.0,4.0,5.0,14.0,13.0,40.0,38678fc4-0c0a-429c-939d-cc8e0209159a,2024-09-15T07:19:53.256Z
vikapu,6.0,3.0,12.0,17.0,8.0,16.0,10.0,10.0,21.0,8.0,61.0,38678fc4-0c0a-429c-939d-cc8e0209159a,2024-09-15T07:19:53.256Z
kibra,4.0,17.0,19.0,21.0,7.0,10.0,3.0,5.0,18.0,7.0,80.0,2624a2d8-05b7-4649-9de1-63cfb6b0b798,2024-10-04T20:15:06.931Z
saints,5.0,8.0,21.0,20.0,8.0,19.0,5.0,14.0,20.0,10.0,72.0,2624a2d8-05b7-4649-9de1-63cfb6b0b798,2024-10-04T20:15:06.931Z
e nets,10.0,15.0,12.0,12.0,2.0,4.0,4.0,6.0,14.0,13.0,45.0,05bbca74-676b-4089-97f3-48f95a34ea67,2024-08-21T09:55:08.814Z
vikapu,11.0,9.0,12.0,19.0,2.0,6.0,7.0,3.0,11.0,5.0,53.0,05bbca74-676b-4089-97f3-48f95a34ea67,2024-08-21T09:55:08.814Z
clique mambas,6.0,17.0,21.0,23.0,4.0,13.0,6.0,13.0,24.0,8.0,75.0,08321a2c-2d1b-4e3c-b006-f729f5a82f4b,2024-08-21T09:56:07.652Z
phenoms,2.0,12.0,20.0,20.0,10.0,16.0,7.0,14.0,16.0,8.0,82.0,08321a2c-2d1b-4e3c-b006-f729f5a82f4b,2024-08-21T09:56:07.652Z
buruburu,1.0,0.0,12.0,24.0,3.0,12.0,4.0,5.0,15.0,6.0,57.0,a2d15f43-4fcf-4dd0-bb0e-cdbaaa03bb11,2024-08-21T10:27:32.324Z
deementor,5.0,7.0,21.0,24.0,4.0,9.0,7.0,9.0,13.0,5.0,67.0,a2d15f43-4fcf-4dd0-bb0e-cdbaaa03bb11,2024-08-21T10:27:32.324Z
leos,6.0,4.0,22.0,11.0,4.0,10.0,5.0,6.0,16.0,20.0,38.0,042bbc75-799a-4523-adc3-6f0be598cc67,2024-09-22T07:34:02.856Z
twende,6.0,5.0,13.0,24.0,10.0,25.0,16.0,14.0,15.0,11.0,83.0,042bbc75-799a-4523-adc3-6f0be598cc67,2024-09-22T07:34:02.856Z
e nets,8.0,6.0,27.0,21.0,1.0,13.0,15.0,10.0,26.0,11.0,51.0,6d19a641-caa7-4a19-ad74-c0234db4c78a,2024-09-29T05:57:36.777Z
teffad,4.0,6.0,27.0,14.0,3.0,13.0,5.0,6.0,21.0,11.0,43.0,6d19a641-caa7-4a19-ad74-c0234db4c78a,2024-09-29T05:57:36.777Z
clique mambas,7.0,3.0,16.0,20.0,7.0,21.0,7.0,5.0,17.0,18.0,64.0,1661941a-5ec1-4d6f-b2e8-8a27168d8f80,2024-09-29T05:52:06.812Z
kwetu,7.0,8.0,22.0,15.0,3.0,29.0,3.0,2.0,12.0,6.0,47.0,1661941a-5ec1-4d6f-b2e8-8a27168d8f80,2024-09-29T05:52:06.812Z
fam kenya,8.0,12.0,31.0,14.0,6.0,8.0,7.0,8.0,11.0,17.0,58.0,a1decba9-f07c-4148-98a8-d8d442141635,2024-09-29T05:55:43.842Z
savio,3.0,9.0,24.0,22.0,1.0,9.0,3.0,3.0,9.0,14.0,56.0,a1decba9-f07c-4148-98a8-d8d442141635,2024-09-29T05:55:43.842Z
huruma dragons,8.0,4.0,24.0,13.0,9.0,20.0,7.0,10.0,13.0,8.0,57.0,45046292-1d10-46d4-9bd8-2fea3d21a730,2024-09-22T07:34:45.934Z
saints,10.0,21.0,17.0,15.0,9.0,15.0,7.0,16.0,20.0,11.0,78.0,45046292-1d10-46d4-9bd8-2fea3d21a730,2024-09-22T07:34:45.934Z
kwetu,9.0,16.0,20.0,16.0,3.0,15.0,3.0,6.0,19.0,11.0,57.0,a1e8bc07-ea1c-4407-8cfa-abedf66b7de2,2024-09-08T05:39:49.313Z
vikapu,9.0,8.0,19.0,22.0,3.0,14.0,7.0,10.0,25.0,15.0,61.0,a1e8bc07-ea1c-4407-8cfa-abedf66b7de2,2024-09-08T05:39:49.313Z
db nets,2.0,4.0,14.0,24.0,5.0,11.0,6.0,13.0,23.0,4.0,67.0,19db29b2-b658-4572-8241-934902608806,2024-09-08T05:42:52.373Z
pride landers,5.0,4.0,6.0,14.0,7.0,12.0,5.0,3.0,9.0,2.0,53.0,19db29b2-b658-4572-8241-934902608806,2024-09-08T05:42:52.373Z
huruma dragons,3.0,5.0,10.0,16.0,6.0,12.0,3.0,4.0,19.0,7.0,55.0,f01baac8-69e5-4cd0-a53f-7994de9de5a1,2024-09-15T08:09:38.992Z
phenoms,4.0,14.0,19.0,17.0,3.0,9.0,5.0,9.0,20.0,4.0,57.0,f01baac8-69e5-4cd0-a53f-7994de9de5a1,2024-09-15T08:09:38.992Z
fam kenya,3.0,8.0,11.0,17.0,5.0,6.0,8.0,5.0,18.0,7.0,57.0,a8a18952-e6dc-4884-939c-28fbdf8bbb5c,2024-09-15T08:13:13.007Z
teffad,6.0,16.0,12.0,8.0,6.0,6.0,5.0,1.0,11.0,1.0,50.0,a8a18952-e6dc-4884-939c-28fbdf8bbb5c,2024-09-15T08:13:13.007Z
kibra,6.0,6.0,33.0,10.0,5.0,14.0,4.0,11.0,22.0,21.0,41.0,f4e4afb9-7c8e-4e6e-bf99-41fb03d3ee20,2024-09-27T18:15:18.746Z
saints,8.0,5.0,26.0,15.0,4.0,17.0,8.0,11.0,28.0,12.0,47.0,f4e4afb9-7c8e-4e6e-bf99-41fb03d3ee20,2024-09-27T18:15:18.746Z
fam kenya,12.0,10.0,23.0,17.0,2.0,9.0,3.0,6.0,21.0,19.0,50.0,6e9d15bc-97a3-4e0e-8b1d-e8f03d22b76d,2024-09-27T18:16:10.156Z
savio,3.0,5.0,27.0,16.0,2.0,17.0,7.0,16.0,20.0,17.0,43.0,6e9d15bc-97a3-4e0e-8b1d-e8f03d22b76d,2024-09-27T18:16:10.156Z
kibra,14.0,5.0,28.0,25.0,3.0,4.0,3.0,13.0,18.0,7.0,64.0,ac9f510c-419d-4194-97fc-929ac1f5384f,2024-09-15T13:13:38.633Z
vikapu,7.0,6.0,25.0,18.0,3.0,13.0,6.0,8.0,21.0,8.0,51.0,ac9f510c-419d-4194-97fc-929ac1f5384f,2024-09-15T13:13:38.633Z
deementor,7.0,6.0,21.0,25.0,4.0,21.0,11.0,15.0,20.0,5.0,68.0,e84670f3-9857-421e-a06d-3ef0989aee00,2024-09-15T08:20:49.013Z
jericho nets,3.0,0.0,19.0,10.0,4.0,13.0,7.0,7.0,14.0,7.0,32.0,e84670f3-9857-421e-a06d-3ef0989aee00,2024-09-15T08:20:49.013Z
buruburu,10.0,9.0,33.0,24.0,2.0,18.0,4.0,16.0,19.0,8.0,63.0,193b8ad1-20f3-458c-9731-8726b607f7a5,2024-09-15T14:56:32.672Z
saints,8.0,16.0,27.0,14.0,6.0,15.0,6.0,13.0,26.0,8.0,62.0,193b8ad1-20f3-458c-9731-8726b607f7a5,2024-09-15T14:56:32.672Z
old guards,11.0,9.0,26.0,24.0,9.0,28.0,15.0,17.0,32.0,9.0,84.0,966cbbee-a191-44d6-a0d8-6d24f2737fb0,2024-08-30T13:11:32.161Z
rising stars,3.0,7.0,21.0,28.0,6.0,33.0,14.0,9.0,28.0,11.0,81.0,966cbbee-a191-44d6-a0d8-6d24f2737fb0,2024-08-30T13:11:32.161Z
eastlands conference,2.0,3.0,21.0,24.0,4.0,19.0,8.0,12.0,23.0,8.0,63.0,178d54ef-7430-4b64-8d4e-45bb22a5d961,2024-08-30T13:07:43.477Z
uptown confrence,1.0,0.0,12.0,20.0,13.0,24.0,5.0,6.0,18.0,2.0,79.0,178d54ef-7430-4b64-8d4e-45bb22a5d961,2024-08-30T13:07:43.477Z
db nets,5.0,3.0,21.0,13.0,4.0,11.0,2.0,6.0,15.0,8.0,41.0,dff6e246-8140-426e-ac42-afcd77338794,2024-09-07T06:14:58.378Z
savio,3.0,4.0,15.0,26.0,3.0,16.0,9.0,7.0,23.0,8.0,65.0,dff6e246-8140-426e-ac42-afcd77338794,2024-09-07T06:14:58.378Z
fam kenya,8.0,14.0,22.0,24.0,2.0,13.0,5.0,8.0,38.0,8.0,68.0,2542d1bf-3ff4-478f-8730-5072615c1f6e,2024-09-07T06:17:01.502Z
huruma dragons,2.0,4.0,23.0,7.0,6.0,38.0,4.0,13.0,18.0,6.0,36.0,2542d1bf-3ff4-478f-8730-5072615c1f6e,2024-09-07T06:17:01.502Z
buruburu,8.0,5.0,21.0,14.0,2.0,11.0,0.0,9.0,12.0,9.0,39.0,0deb32b3-8a41-4762-8209-9f183cd89ff6,2024-09-07T06:22:29.097Z
clique mambas,3.0,9.0,18.0,20.0,1.0,11.0,4.0,6.0,19.0,6.0,52.0,0deb32b3-8a41-4762-8209-9f183cd89ff6,2024-09-07T06:22:29.097Z
feba nation,11.0,10.0,31.0,16.0,5.0,27.0,14.0,14.0,25.0,14.0,57.0,326b6de6-0299-4448-9caf-3c4d8aff5311,2024-08-21T09:28:31.458Z
jericho nets,9.0,10.0,24.0,21.0,4.0,6.0,14.0,10.0,29.0,17.0,64.0,326b6de6-0299-4448-9caf-3c4d8aff5311,2024-08-21T09:28:31.458Z
kwetu,10.0,5.0,21.0,21.0,7.0,17.0,10.0,15.0,13.0,8.0,68.0,b1f8ec3c-c517-4ac2-b0cc-610a6e27a1a2,2024-08-21T10:14:07.080Z
pride landers,4.0,7.0,21.0,20.0,1.0,9.0,9.0,9.0,19.0,10.0,50.0,b1f8ec3c-c517-4ac2-b0cc-610a6e27a1a2,2024-08-21T10:14:07.080Z
